file_name,mse_avg,mse_std,r2_avg,r2_std,mse,r2,best_r2
Radiomic_Features_CaPTk_segm_FLAIR_ED.csv,183505.14962277634,49872.71979767569,-0.15881262769070065,0.11155188844516119,"[115009.24869278599, 133699.67583727156, 240777.61391187285, 206216.78107738742, 221822.42859456388]","[0.015600591467079483, -0.11289467871418979, -0.2781567909139697, -0.13737396367213872, -0.28123829662028443]",0.015600591467079483
Radiomic_Features_CaPTk_automaticsegm_DTI_FA_NC.csv,156758.40198462416,25744.29278761934,-0.15340508916234832,0.051610380027352326,"[206081.8433903289, 155688.4497548535, 139832.90856521582, 133928.42897221234, 148260.37924051014]","[-0.21264026667130254, -0.11228568457624943, -0.1956391885057489, -0.1707368486424763, -0.07572345741596442]",-0.07572345741596442
Radiomic_Features_CaPTk_automaticsegm_T1GD_ET.csv,144663.83389541562,14271.294236679998,-0.24576428316297508,0.10508583712573902,"[171070.90890611632, 133729.78658344218, 140248.9509670317, 146907.46118783223, 131362.06183265575]","[-0.11494205696108373, -0.35967133486553715, -0.3336974229397267, -0.29648720227479775, -0.12402339877373003]",-0.11494205696108373
Radiomic_Features_CaPTk_segm_DTI_TR_NC.csv,135670.24550603834,46550.35906946623,-0.43158032862436124,0.4182734918084415,"[95275.36125096986, 90631.80356394831, 220056.67888556185, 141334.39177612087, 131052.9920535907]","[-0.3889258863307361, -1.0022234426454957, -0.1170843159744448, -0.786143713381886, 0.1364757152107564]",0.1364757152107564
Radiomic_Features_CaPTk_segm_FLAIR_NC.csv,179058.00038203786,24923.40963531432,-0.09416733935273491,0.15047043729685453,"[155016.40421121547, 212600.71710770542, 196068.64844242597, 185320.95905346193, 146283.27309538051]","[-0.008476650131830521, -0.37988636818861665, -0.02993854274984664, -0.1000320870590421, 0.047496951365661344]",0.047496951365661344
Radiomic_Features_CaPTk_segm_DSC_ap-rCBV_NC.csv,230692.5971861886,26769.02041880983,-0.2702600981883585,0.17218273375525772,"[183150.44830721646, 227833.7120344775, 265042.4207723174, 240412.61496248047, 237023.7898544512]","[-0.3409483597682892, -0.05548504511126273, -0.4598219750538035, -0.07411318665072852, -0.42093192435770854]",-0.05548504511126273
Radiomic_Features_CaPTk_automaticsegm_FLAIR_NC.csv,141954.10198874754,17901.753144822753,-0.02746444804377337,0.09861183859751026,"[157966.25747314002, 117384.75735615438, 158805.91853816333, 123247.63538555491, 152365.9411907251]","[0.09461393217566971, 0.03673235330534608, -0.1988100233825414, -0.026980648193870582, -0.04287785412347067]",0.09461393217566971
Radiomic_Features_CaPTk_automaticsegm_DSC_PSR_ED.csv,154276.0630147296,27053.540862888953,-0.02233242188838669,0.0678271379626973,"[160346.3170516418, 120200.7501017659, 157527.519986943, 199398.49768980299, 133907.23024349424]","[0.008905348022634763, -0.012648680177592464, 0.08332100073873805, -0.09185965559908182, -0.09938012242663197]",0.08332100073873805
Radiomic_Features_CaPTk_automaticsegm_DSC_PSR_NC.csv,163211.06417388498,36993.601622971975,-0.09223170371685832,0.07853992369542281,"[200263.1455903212, 141472.91749159817, 146741.82170775108, 212395.94863028856, 115181.48744946589]","[-0.0902482729160834, 0.03957449133832236, -0.07655434375672132, -0.1349509694910609, -0.19897942375874833]",0.03957449133832236
Radiomic_Features_CaPTk_segm_DSC_PSR_ED.csv,173287.3647006409,20674.316294312364,-0.15851448298775953,0.08163190692566062,"[170620.37818637316, 193785.41372440106, 159464.06189501757, 198767.47265033968, 143799.4970470731]","[-0.2605486620099511, -0.23362591703002922, -0.16307792315384795, -0.08684621356166677, -0.04847369918330258]",-0.04847369918330258
Radiomic_Features_CaPTk_automaticsegm_DTI_FA_ET.csv,160133.7493153875,30211.205999664886,-0.08947189685193772,0.07644691921146236,"[204383.99084444065, 159179.35366781586, 111718.22556631475, 151571.05250619014, 173816.12399217623]","[-0.03209309691025575, -0.09571939124831808, -0.027265178427218872, -0.057832161366065504, -0.23444965630783043]",-0.027265178427218872
Radiomic_Features_CaPTk_automaticsegm_T2_ET.csv,126813.36603033748,13918.531369347433,-0.09093229490955221,0.09593997483423664,"[152638.49563641622, 124753.89919899678, 113868.5322475661, 115430.72569731847, 127375.17737138976]","[0.005189839789138118, -0.2684107631304835, -0.0828328266655427, -0.01869882854024385, -0.08990889600062912]",0.005189839789138118
Radiomic_Features_CaPTk_segm_DTI_TR_ET.csv,151330.8370259378,34364.505622784294,-0.7132286580627116,1.5006681189100624,"[138279.05920535405, 102569.34529107343, 208395.6518894834, 160372.04444586113, 147038.08429791706]","[-3.707085089765375, 0.1317134377393946, -0.017576118644480054, -0.1332319245017457, 0.16003640485864767]",0.16003640485864767
Radiomic_Features_CaPTk_automaticsegm_DSC_PSR_ET.csv,183866.13579432323,71603.39205306744,-0.15963232520445922,0.09833325890196906,"[262364.8518440544, 123070.09844625331, 123320.16522702058, 280098.9901385953, 130476.57331569251]","[-0.10102341911745016, -0.11906892111904055, -0.3557686667104447, -0.10421203662162126, -0.11808858245373943]",-0.10102341911745016
Radiomic_Features_CaPTk_automaticsegm_DSC_ap-rCBV_ED.csv,170048.86745902093,21178.58739565725,-0.09872830815335634,0.08950785953518334,"[162688.98362206612, 161161.77162764914, 178923.13926006647, 205386.31416464204, 142084.12862068092]","[-0.1823791496231948, -0.007867358562391846, -0.0941305971451405, 0.0065304061958945114, -0.21579484163194906]",0.0065304061958945114
Radiomic_Features_CaPTk_segm_T2_ET.csv,171257.59822595998,28858.631363438806,-0.1240761993152967,0.23817362493177172,"[114750.55068902101, 191005.0709739316, 174948.43191065785, 191009.17619927565, 184574.76135691386]","[0.017814866969175225, -0.589895605678475, 0.07129436714078519, -0.05349750246558571, -0.0660971225423832]",0.07129436714078519
Radiomic_Features_CaPTk_automaticsegm_DSC_ap-rCBV_ET.csv,180641.8150801117,71504.8572285869,-0.13764361675493214,0.12078742543625805,"[244327.12285833605, 108541.1655345228, 117290.31170235065, 286245.20585919084, 146805.26944615814]","[-0.025327448786889084, 0.013041782324019535, -0.2894771039433055, -0.1284417754542979, -0.2580135379141877]",0.013041782324019535
Radiomic_Features_CaPTk_segm_T1_ED.csv,173573.47546252768,41265.41985556271,-0.10655785285840794,0.08395654042936528,"[116744.44620132865, 139645.2178821872, 228181.6005211821, 207429.07151217473, 175867.04119576575]","[0.0007485041739959675, -0.16238441803047254, -0.21129143830836017, -0.14406026519295634, -0.01580164693424657]",0.0007485041739959675
Radiomic_Features_CaPTk_segm_DSC_ap-rCBV_ET.csv,167272.90068443195,35575.05011824599,-0.10854545863897273,0.14959412916723624,"[166402.03627912508, 181755.10117234063, 112201.25264076795, 221357.69102508354, 154648.42230484265]","[-0.2293834207673504, -0.15704169395068046, 0.18164131563011443, -0.21036789936240208, -0.12757559474454516]",0.18164131563011443
Radiomic_Features_CaPTk_automaticsegm_DSC_PH_ED.csv,162125.22780294847,25157.937632890917,-0.07685374806892156,0.07037096684759704,"[189495.06890418325, 126791.90081430566, 169292.2111401248, 186138.8773744865, 138908.08078164206]","[-0.1712620085095704, -0.06817678681797634, 0.014860294229739446, -0.01925306809420313, -0.14043717115259735]",0.014860294229739446
Radiomic_Features_CaPTk_automaticsegm_DTI_TR_ED.csv,166633.80648313672,27229.56054447067,-0.13526667304389037,0.08419885016646543,"[192810.31217985137, 205588.66547176207, 142725.5676232553, 139569.43754824888, 152475.04959256598]","[-0.0539049164805665, -0.05846613290727287, -0.24352418309352375, -0.08963492826785391, -0.23080320447023484]",-0.0539049164805665
Radiomic_Features_CaPTk_segm_DTI_AD_NC.csv,123436.09930032873,34767.3969091413,-0.32484036599882743,0.38310165110950944,"[102307.83843197876, 81167.77419429822, 185111.06660659236, 125964.41379941828, 122629.40346935611]","[-0.4914454619427786, -0.7931456054994135, 0.06031177846203306, -0.5919023175481533, 0.1919797765341752]",0.1919797765341752
Radiomic_Features_CaPTk_automaticsegm_DTI_AD_ED.csv,158836.74003897398,27788.31811007144,-0.07886341022496812,0.05999434682501979,"[190849.078406536, 194670.81352313506, 134043.8055373435, 135008.7050406056, 139611.2976872497]","[-0.043184774530187875, -0.002255949796255985, -0.16788264748447745, -0.05402875598463597, -0.12696492332928333]",-0.002255949796255985
Radiomic_Features_CaPTk_automaticsegm_T1_ET.csv,132658.20800462828,24314.361964683907,-0.1270188948573991,0.04026397449702814,"[178176.54119271343, 112073.53531244774, 115412.78613787262, 120649.0871373639, 136979.09024274375]","[-0.1612524923722587, -0.13948565427713855, -0.097517909296575, -0.06475189330060283, -0.17208652504042043]",-0.06475189330060283
Radiomic_Features_CaPTk_segm_DSC_PSR_ET.csv,165544.68250433408,30284.965610795476,-0.09711698302306884,0.06807074694691581,"[135121.83246149684, 173713.46759450829, 145716.34382776494, 220607.85878676563, 152563.9098511347]","[0.0017156981587553854, -0.10584915367527303, -0.06280663200680858, -0.2062678707301726, -0.11237695686184535]",0.0017156981587553854
Radiomic_Features_CaPTk_segm_T1GD_ED.csv,186679.58917746885,38443.91887531845,-0.21063561362141264,0.17329624807448432,"[142187.05781284976, 158549.5060249341, 189890.42954264226, 188223.14162705783, 254547.81087986016]","[-0.21702260646786664, -0.31974068346038376, -0.008024533951620727, -0.0381313272795718, -0.47025891694762034]",-0.008024533951620727
Radiomic_Features_CaPTk_automaticsegm_T1_ED.csv,132211.71839028766,12124.67154000307,-0.12659619813148432,0.170330347535772,"[120493.7589942838, 149463.20423851075, 130862.30241129483, 142151.69643314392, 118087.62987420495]","[0.1279032543894144, -0.3168849317927298, -0.049717618301704736, -0.07835753251264, -0.3159241624397615]",0.1279032543894144
Radiomic_Features_CaPTk_segm_DTI_RD_NC.csv,139414.99805686422,36368.730115696875,-0.5257287237869964,0.49322099739097486,"[127350.32931862923, 91586.6968015252, 202008.48622664114, 149438.58743656764, 126690.89050095799]","[-0.856515333040395, -1.0233187927358318, -0.02546540645954587, -0.8885622255997272, 0.1652181389005175]",0.1652181389005175
Radiomic_Features_CaPTk_automaticsegm_DTI_TR_ET.csv,147524.1509413772,18682.754668077083,-0.017514035128775696,0.0982571291742011,"[183054.9718947884, 141836.37198315898, 130080.90877644498, 135438.15182146235, 147210.35023103122]","[0.0756136424035827, 0.023661928602996096, -0.19611269590823954, 0.05476124560874418, -0.045494296350961916]",0.0756136424035827
Radiomic_Features_CaPTk_segm_DTI_FA_ED.csv,157046.11328450748,56535.640237741376,-0.5112910370093635,0.9129109077017284,"[96935.01452450002, 108143.60373918405, 193376.9877103953, 138545.56599411575, 248229.39445434223]","[-2.2997141010834796, 0.08452532621029296, 0.055758588025340505, 0.020999832450864897, -0.4180248306498362]",0.08452532621029296
Radiomic_Features_CaPTk_automaticsegm_DTI_RD_ED.csv,163329.057604132,30491.699831364826,-0.10801320825824226,0.06669666171277437,"[183315.64442734985, 214104.91277788405, 138998.94043075936, 140865.44938650506, 139360.34099816158]","[-0.0020068778768174145, -0.10231173758741541, -0.21105522106791685, -0.09975304431976073, -0.12493916043930087]",-0.0020068778768174145
Radiomic_Features_CaPTk_segm_T1GD_ET.csv,204228.41159815923,34514.9084266461,-0.34674820500782505,0.2704184444607639,"[206836.5724262602, 160506.4134911783, 174862.70118946486, 258068.5971067042, 220867.77377718853]","[-0.770377616353898, -0.33602966765036735, 0.07174946469617038, -0.4233589606871533, -0.27572424504387705]",0.07174946469617038
Radiomic_Features_CaPTk_segm_T2_ED.csv,159922.028200766,12393.624233597104,-0.056218533475152974,0.16493842797168734,"[156044.18180474263, 137888.55606151215, 166325.1717972142, 173931.30828608436, 165420.92305427676]","[-0.33562997775871417, -0.14776224650846337, 0.11707054331740296, 0.040694261260017184, 0.04453475231399251]",0.11707054331740296
Radiomic_Features_CaPTk_automaticsegm_T1_NC.csv,153516.28037212265,16267.05600179557,-0.11036599038077596,0.050491657626192885,"[177632.09596566905, 140786.78681439153, 152872.3610540172, 131999.5107871793, 164290.64723935616]","[-0.018101127787352622, -0.1553063606796361, -0.1540181903590041, -0.0999070507553077, -0.12449722232257932]",-0.018101127787352622
Radiomic_Features_CaPTk_segm_DSC_PH_ED.csv,147856.4816289194,17043.907538368596,0.011844947106991443,0.05427018078789801,"[139720.8788547119, 165968.04800537459, 126360.6550367487, 169892.66682735764, 137340.15942040406]","[-0.032262199669816694, -0.056542293268244004, 0.07836733567431176, 0.07103914342147843, -0.0013772506227722747]",0.07836733567431176
Radiomic_Features_CaPTk_automaticsegm_DTI_RD_NC.csv,143609.6463308222,22678.068944365143,-0.057217528842834174,0.057711845104726704,"[181912.97807811244, 152904.58459538303, 133172.41627497238, 114576.2382735052, 135482.014432138]","[-0.07042424804884728, -0.09239690432604308, -0.13868874902289008, -0.0015694588149335331, 0.0169917159985431]",0.0169917159985431
Radiomic_Features_CaPTk_automaticsegm_DTI_FA_ED.csv,169276.00590653555,22971.74016460647,-0.16092377341812653,0.11914807464223859,"[185716.03720565324, 206444.0168064737, 155754.82925550296, 149716.28524525496, 148748.8610197929]","[-0.015127471489977617, -0.06286987966759061, -0.35704415150115043, -0.1688525553980762, -0.20072480903383783]",-0.015127471489977617
Radiomic_Features_CaPTk_automaticsegm_T2_ED.csv,122527.19440458246,18403.504280985668,-0.034062530056421216,0.1388540164894131,"[110088.7560184231, 137338.20304327804, 123157.56731388446, 146662.19994999742, 95389.24569732939]","[0.20321146378594457, -0.21005441485499188, 0.012086247495181168, -0.1125740460321345, -0.06298190067610543]",0.20321146378594457
Radiomic_Features_CaPTk_segm_DTI_RD_ED.csv,160007.11245036588,50429.22219288665,-0.48696617031625583,0.7554095405411998,"[88046.92480259656, 126412.80482539054, 232346.91376848, 158950.4941055926, 194278.42474976977]","[-1.9971592902039976, -0.07013006094630714, -0.13452784905962334, -0.12318686812396495, -0.10982678324738626]",-0.07013006094630714
Radiomic_Features_CaPTk_segm_DTI_AD_ED.csv,159589.82974695775,41772.488694105836,-0.5282557429083641,0.8343668848813446,"[93773.79172483564, 143388.0973433217, 209601.4215608633, 151959.25646897702, 199226.58163679112]","[-2.192104570101435, -0.2138320446329025, -0.02346377710115788, -0.07378490589939846, -0.13809341680692566]",-0.02346377710115788
Radiomic_Features_CaPTk_segm_FLAIR_ET.csv,172284.1953044545,43702.97920388174,-0.10605914345642038,0.15746332739773516,"[136064.97043583583, 129428.20187992534, 190189.21038679537, 248748.47022664294, 156990.12359307313]","[-0.16462178426079666, -0.07733961391969713, -0.009610598198810605, -0.3719544649127553, 0.09323074400995779]",0.09323074400995779
Radiomic_Features_CaPTk_segm_DTI_AD_ET.csv,147027.50871585993,34789.22215502629,-0.5373020292935727,1.121706973022976,"[110940.9517989482, 111082.47034151145, 204975.69746464037, 154049.61959956674, 154088.80437463292]","[-2.776482882210619, 0.059646758721772164, -0.0008768069361038133, -0.08855597302378992, 0.11975875698087635]",0.11975875698087635
Radiomic_Features_CaPTk_segm_DSC_ap-rCBV_ED.csv,159820.87937765336,33491.45684175235,-0.6862526172322576,0.5642322746091624,"[195394.9342343406, 100279.50365059153, 182381.8711741195, 148530.03764220653, 172518.05018700854]","[0.09677224425683417, -1.6373731860262506, -0.5991351434945924, -0.46805047746796724, -0.8234765234293122]",0.09677224425683417
Radiomic_Features_CaPTk_automaticsegm_FLAIR_ED.csv,132689.02946878865,8661.012355119012,-0.1266346055529286,0.1260334932993812,"[131158.43239055536, 138950.41053985665, 133195.01281319142, 142710.86275890135, 117430.42884143845]","[0.050715630403599166, -0.224259193683229, -0.06842955567516129, -0.08259934766108978, -0.3086005611487621]",0.050715630403599166
Radiomic_Features_CaPTk_segm_T1GD_NC.csv,179197.8859466944,20414.270627657155,-0.09641624395182455,0.13064762610422764,"[172743.4323061834, 148662.35425835353, 198256.9095566398, 171051.5655572719, 205275.16805502342]","[-0.12380182491557523, 0.03510600107710504, -0.041433366022376905, -0.01533151790133358, -0.3366205119969421]",0.03510600107710504
Radiomic_Features_CaPTk_segm_DTI_FA_NC.csv,148582.81665227492,42722.62775096024,-0.6347298390045093,0.68251407905127,"[106132.8669808918, 133551.9212846192, 224944.52963177013, 115809.63990688276, 162475.12545721064]","[-0.5472067951750401, -1.9504078821264637, -0.14189674809450192, -0.4635691827673567, -0.07056858685918366]",-0.07056858685918366
Radiomic_Features_CaPTk_segm_T1_NC.csv,194723.26783316454,21582.67534866127,-0.18820709399243868,0.10163455037309353,"[184223.8515024857, 160471.16789378464, 211491.61005068547, 222369.68855917422, 195060.02115969264]","[-0.198488983039957, -0.04153918235262033, -0.11095456815669325, -0.3199467229923558, -0.27010601342056706]",-0.04153918235262033
Radiomic_Features_CaPTk_segm_DTI_FA_ET.csv,167672.68937423878,29032.478567933937,-0.8610820158605739,1.5144053609545807,"[143203.2040153727, 128847.28763287116, 172505.35918421682, 183192.736752226, 210614.8592865071]","[-3.8747053263238476, -0.09073883739692423, 0.15767276211147419, -0.29448906348854886, -0.20314961420502287]",0.15767276211147419
Radiomic_Features_CaPTk_automaticsegm_FLAIR_ET.csv,134886.0455223065,20184.4006446255,-0.15169760233728616,0.05078196807086827,"[171438.43304574443, 120376.09719728064, 114111.28067221997, 128865.17952177762, 139639.23717450982]","[-0.11733736848915144, -0.22390032126466664, -0.08514124285084224, -0.13726052249459864, -0.19484855658717182]",-0.08514124285084224
Radiomic_Features_CaPTk_segm_DSC_PH_NC.csv,197367.55258898553,15166.445926164059,-0.08829681975385226,0.12830535288566217,"[178534.09916786043, 216657.6668494047, 185359.02595607738, 213448.10630997812, 192838.86466160702]","[-0.30714944819722056, -0.0037097900315974375, -0.02093536037274335, 0.04635858775982171, -0.15604808792752167]",0.04635858775982171
Radiomic_Features_CaPTk_automaticsegm_DSC_ap-rCBV_NC.csv,153246.14030189434,21098.237604864844,-0.040887667214512625,0.13659437645732364,"[170229.92046971634, 131358.40594983683, 124036.03151245177, 173697.3833705599, 166908.96020690707]","[-0.1855921843576498, -0.029273736758416158, 0.17504351531931883, 0.022949528623755433, -0.18756545889957144]",0.17504351531931883
Radiomic_Features_CaPTk_segm_DTI_TR_ED.csv,166918.30527695423,34874.543080483134,-0.6663651490910227,1.0153368967264282,"[108111.00609589342, 157569.01437672364, 190614.813105432, 166949.3919479609, 211347.30085876113]","[-2.6801501815092608, -0.33387863034223986, 0.06924602352628617, -0.1797092279100556, -0.20733372921984428]",0.06924602352628617
Radiomic_Features_CaPTk_automaticsegm_T1GD_NC.csv,138588.3957102567,15913.914209926268,-0.004001795238441086,0.08882068191127336,"[153954.56654627254, 137771.63516131547, 131132.57398849283, 113261.69960809285, 156821.50324710977]","[0.11760700127601664, -0.1305638123053705, 0.010093291632705781, 0.05622875996620125, -0.07337421676175859]",0.11760700127601664
Radiomic_Features_CaPTk_segm_DTI_RD_ET.csv,142232.06650662664,46539.49938740923,-0.38161772685808815,0.8489075710844616,"[89768.97514549673, 91068.95705545199, 210968.46753236986, 167621.88306810532, 151732.04973170932]","[-2.0557787047377123, 0.22906837880324382, -0.030138932369905724, -0.18446123072279574, 0.1332218547367291]",0.22906837880324382
Radiomic_Features_CaPTk_segm_DSC_PH_ET.csv,159003.4753951833,20807.24127180623,-0.06062973181596156,0.055092567395571834,"[150331.76215838917, 168337.56347631154, 131344.52608842042, 193393.8381915674, 151609.68706122803]","[-0.11065573562003994, -0.07162648169900288, 0.04201663493861174, -0.05746356766539806, -0.10541950903397868]",0.04201663493861174
Radiomic_Features_CaPTk_segm_DSC_PSR_NC.csv,210644.07516000382,56076.91175103369,-0.13869443948184562,0.1980942786114119,"[178977.18084230155, 223850.34251750496, 153179.17885383076, 313264.95931195957, 183948.71427442232]","[-0.3103935005600549, -0.03703129251787862, 0.15630739124733095, -0.3996021954384221, -0.10275260014020349]",0.15630739124733095
Radiomic_Features_CaPTk_automaticsegm_DTI_AD_ET.csv,150747.8305389975,28218.34422750927,-0.02600475004270717,0.028710698966794023,"[201039.8782937233, 153412.31435906494, 114797.6324438395, 140249.57219368604, 144239.75540467372]","[-0.015206082107255492, -0.05602167508673195, -0.05558076829140557, 0.021181778240578653, -0.024397002968721493]",0.021181778240578653
Radiomic_Features_CaPTk_automaticsegm_DTI_AD_NC.csv,144292.1748587333,19505.019645188167,-0.06534650538017832,0.04484263801816576,"[179062.60027841036, 151636.88563430065, 129374.31780167189, 125850.3317465939, 135536.73883268973]","[-0.05365186850157211, -0.08334007699566381, -0.10621316496276156, -0.10012207206721868, 0.01659465562632456]",0.01659465562632456
Radiomic_Features_CaPTk_segm_T2_NC.csv,181104.16693442297,19320.244173092273,-0.10717162971268468,0.11267683627498569,"[145638.21204272157, 185178.88316716158, 189283.48560751748, 204015.52468928436, 181404.7291654298]","[0.05253423365495169, -0.2019047726415104, 0.0057035692248178504, -0.21099968704379868, -0.18119149175788385]",0.05253423365495169
Radiomic_Features_CaPTk_segm_T1_ET.csv,176588.15923014286,46775.3791835804,-0.1384420348271575,0.20669734000772083,"[153748.36903295768, 125749.22006843543, 187879.7108653304, 261446.66972151387, 154116.8264624769]","[-0.3159794126056077, -0.04671635881116054, 0.002649272845735351, -0.44199047951605275, 0.10982680395129818]",0.10982680395129818
Radiomic_Features_CaPTk_automaticsegm_T2_NC.csv,148042.2011279366,18003.373811784815,-0.06936185852089638,0.05674618184983619,"[177308.46975095983, 125379.3716505114, 138394.48124095312, 140824.2985249761, 158304.38447228243]","[-0.01624625909154731, -0.02887201876990919, -0.04472612116538621, -0.17344100702785203, -0.08352388654978715]",-0.01624625909154731
Radiomic_Features_CaPTk_automaticsegm_DSC_PH_ET.csv,181722.5734646334,70365.28223492169,-0.14386149568755097,0.06209151527908476,"[253457.48647662386, 123367.6614457955, 111775.17090119477, 279693.4202411931, 140319.12825835973]","[-0.06364334399212024, -0.12177464337868482, -0.228844237640065, -0.1026131905772949, -0.20243206284958992]",-0.06364334399212024
Radiomic_Features_CaPTk_automaticsegm_DTI_RD_ET.csv,151109.50002088246,19581.00673169247,-0.04291175873864537,0.11104677462677197,"[189776.06944417904, 141225.54215920373, 136787.4826101878, 141176.58062221544, 146581.8252686263]","[0.041673614343037624, 0.027866607585782188, -0.257780608471581, 0.014712077639167598, -0.041030484789633226]",0.041673614343037624
Radiomic_Features_CaPTk_automaticsegm_DTI_TR_NC.csv,146590.65879442554,17417.5468625099,-0.08576039134843412,0.07362974491211371,"[174137.81503205537, 159863.37294603084, 128787.83516609014, 135007.34948718813, 135156.92134076322]","[-0.024673124929642798, -0.14211260691418715, -0.10119845397895455, -0.1801682443015753, 0.019350473382189204]",0.019350473382189204
Radiomic_Features_CaPTk_automaticsegm_T1GD_ED.csv,132794.53147550684,6161.017690983318,-0.1309273715704531,0.14879961430446748,"[131945.36583528513, 127172.23957271643, 135598.15432816057, 143080.44975716583, 126176.44788420622]","[0.0450200483096459, -0.12048451583038289, -0.08770645926812204, -0.08540302101496144, -0.40606291004844497]",0.0450200483096459
Radiomic_Features_CaPTk_automaticsegm_DSC_PH_NC.csv,166201.09597943793,23873.00724802314,-0.13876742938914866,0.1654264107388439,"[172113.35257950518, 152639.55007223642, 161058.25475931136, 208110.9891998937, 137083.33328624297]","[0.06300140825975598, -0.03623308347142529, -0.18158519324048106, -0.11205402210991378, -0.42696625638367913]",0.06300140825975598
