file_name,mse_avg,mse_std,r2_avg,r2_std,mse,r2,best_model_filename,best_r2
Radiomic_Features_CaPTk_segm_FLAIR_ED.csv,176876.7359375,40193.37018079341,-0.13071153163909913,0.08026362422376916,"[126434.8203125, 138622.125, 214242.375, 228581.6875, 176502.671875]","[-0.08219444751739502, -0.15386831760406494, -0.13729584217071533, -0.2607259750366211, -0.01947307586669922]",best_linear_model_for_Radiomic_Features_CaPTk_segm_FLAIR_ED.csv.h5,-0.01947307586669922
Radiomic_Features_CaPTk_automaticsegm_DTI_FA_NC.csv,142700.8578125,24793.852300017006,-0.04875715970993042,0.07874441169641543,"[184113.6875, 145823.703125, 136928.90625, 106522.0859375, 140115.90625]","[-0.08337390422821045, -0.04180908203125, -0.1708085536956787, 0.06883591413497925, -0.016630172729492188]",best_linear_model_for_Radiomic_Features_CaPTk_automaticsegm_DTI_FA_NC.csv.h5,0.06883591413497925
Radiomic_Features_CaPTk_automaticsegm_T1GD_ET.csv,136539.4578125,20373.082958877545,-0.16506168842315674,0.03138893983024683,"[173562.453125, 111920.46875, 128122.0078125, 131406.4375, 137685.921875]","[-0.1311805248260498, -0.13792932033538818, -0.2183762788772583, -0.15968763828277588, -0.17813467979431152]",best_linear_model_for_Radiomic_Features_CaPTk_automaticsegm_T1GD_ET.csv.h5,-0.1311805248260498
Radiomic_Features_CaPTk_segm_DTI_TR_NC.csv,147337.815625,68430.73978893479,-0.5371405482292175,0.5915937364579146,"[91718.6015625, 120111.4296875, 281389.3125, 109523.5625, 133946.171875]","[-0.33707523345947266, -1.653482437133789, -0.42842984199523926, -0.38412749767303467, 0.117412269115448]",best_linear_model_for_Radiomic_Features_CaPTk_segm_DTI_TR_NC.csv.h5,0.117412269115448
Radiomic_Features_CaPTk_segm_FLAIR_NC.csv,170791.0859375,28736.8462881663,-0.04211256504058838,0.16407920078581265,"[146126.15625, 194102.1875, 180738.828125, 204186.171875, 128802.0859375]","[0.049359798431396484, -0.2598215341567993, 0.05058830976486206, -0.21201252937316895, 0.16132313013076782]",best_linear_model_for_Radiomic_Features_CaPTk_segm_FLAIR_NC.csv.h5,0.16132313013076782
Radiomic_Features_CaPTk_segm_DSC_ap-rCBV_NC.csv,230838.25625,41455.79487274857,-0.2608858227729797,0.1899863375592205,"[166207.0, 213221.6875, 283854.65625, 266279.375, 224628.5625]","[-0.2168956995010376, 0.012208163738250732, -0.5634373426437378, -0.1896805763244629, -0.34662365913391113]",best_linear_model_for_Radiomic_Features_CaPTk_segm_DSC_ap-rCBV_NC.csv.h5,0.012208163738250732
Radiomic_Features_CaPTk_automaticsegm_FLAIR_NC.csv,145441.921875,12687.170929872767,-0.05432990789413452,0.05505005142606328,"[166822.734375, 134015.15625, 143912.21875, 131761.734375, 150697.765625]","[0.04385298490524292, -0.09973788261413574, -0.08637893199920654, -0.09792578220367432, -0.031459927558898926]",best_linear_model_for_Radiomic_Features_CaPTk_automaticsegm_FLAIR_NC.csv.h5,0.04385298490524292
Radiomic_Features_CaPTk_automaticsegm_DSC_PSR_ED.csv,160117.5375,30713.229997827853,-0.056945419311523436,0.0625725552980386,"[170815.453125, 132052.609375, 167686.40625, 208081.3125, 121951.90625]","[-0.05580425262451172, -0.11249613761901855, 0.024204730987548828, -0.13940465450286865, -0.0012267827987670898]",best_linear_model_for_Radiomic_Features_CaPTk_automaticsegm_DSC_PSR_ED.csv.h5,0.024204730987548828
Radiomic_Features_CaPTk_automaticsegm_DSC_PSR_NC.csv,166222.246875,51990.208695206566,-0.09395804405212402,0.1460164572441369,"[181499.09375, 142313.34375, 153248.03125, 255473.28125, 98577.484375]","[0.01190483570098877, 0.033869028091430664, -0.12428629398345947, -0.3651374578475952, -0.026140332221984863]",best_linear_model_for_Radiomic_Features_CaPTk_automaticsegm_DSC_PSR_NC.csv.h5,0.033869028091430664
Radiomic_Features_CaPTk_segm_DSC_PSR_ED.csv,181121.35625,19791.712893026222,-0.21207275390625,0.08281149154884578,"[177428.75, 192673.765625, 149714.71875, 209445.640625, 176343.90625]","[-0.3108491897583008, -0.22654926776885986, -0.09196949005126953, -0.14523375034332275, -0.28576207160949707]",best_linear_model_for_Radiomic_Features_CaPTk_segm_DSC_PSR_ED.csv.h5,-0.09196949005126953
Radiomic_Features_CaPTk_automaticsegm_DTI_FA_ET.csv,148152.3125,24272.66081467819,-0.012804102897644044,0.052101730164238004,"[188987.75, 152532.703125, 115096.515625, 135272.640625, 148871.953125]","[0.04565441608428955, -0.049967050552368164, -0.058329105377197266, 0.05591630935668945, -0.05729508399963379]",best_linear_model_for_Radiomic_Features_CaPTk_automaticsegm_DTI_FA_ET.csv.h5,0.05591630935668945
Radiomic_Features_CaPTk_automaticsegm_T2_ET.csv,122192.25625,18788.78811486333,-0.04206075668334961,0.03345677723941609,"[155521.75, 99864.4765625, 113243.46875, 115102.796875, 127228.7890625]","[-0.013601541519165039, -0.015352368354797363, -0.0768887996673584, -0.015804767608642578, -0.08865630626678467]",best_linear_model_for_Radiomic_Features_CaPTk_automaticsegm_T2_ET.csv.h5,-0.013601541519165039
Radiomic_Features_CaPTk_segm_DTI_TR_ET.csv,158890.3953125,48686.644776986526,-0.42021440267562865,0.5557493859471683,"[73511.4921875, 155451.03125, 223811.8125, 175850.828125, 165826.8125]","[-1.502366542816162, -0.3159492015838623, -0.09285175800323486, -0.24260926246643066, 0.05270475149154663]",best_linear_model_for_Radiomic_Features_CaPTk_segm_DTI_TR_ET.csv.h5,0.05270475149154663
Radiomic_Features_CaPTk_automaticsegm_DSC_PSR_ET.csv,168002.228125,64625.1675318221,-0.06045718193054199,0.08154088353231115,"[250033.84375, 123348.546875, 107398.78125, 243710.359375, 115519.609375]","[-0.049275875091552734, -0.12160086631774902, -0.18073081970214844, 0.03924006223678589, 0.010081589221954346]",best_linear_model_for_Radiomic_Features_CaPTk_automaticsegm_DSC_PSR_ET.csv.h5,0.03924006223678589
Radiomic_Features_CaPTk_automaticsegm_DSC_ap-rCBV_ED.csv,149921.6796875,30233.59166528117,0.03981958627700806,0.1201557878111236,"[154401.390625, 123462.6484375, 172005.6875, 190872.34375, 108866.328125]","[-0.12214720249176025, 0.22789400815963745, -0.05182981491088867, 0.07673555612564087, 0.06844538450241089]",best_linear_model_for_Radiomic_Features_CaPTk_automaticsegm_DSC_ap-rCBV_ED.csv.h5,0.22789400815963745
Radiomic_Features_CaPTk_segm_T2_ET.csv,194829.484375,35879.012614615065,-0.2656031370162964,0.15459796946369,"[167334.359375, 160815.46875, 240464.875, 236788.453125, 168744.265625]","[-0.4322662353515625, -0.33860206604003906, -0.2764967679977417, -0.3059898614883423, 0.025339245796203613]",best_linear_model_for_Radiomic_Features_CaPTk_segm_T2_ET.csv.h5,0.025339245796203613
Radiomic_Features_CaPTk_automaticsegm_DSC_ap-rCBV_ET.csv,174211.60625,75520.03693427276,-0.07708582878112794,0.04961301238850631,"[239373.640625, 113779.0859375, 100796.1171875, 288771.4375, 128337.75]","[-0.004539847373962402, -0.034586310386657715, -0.10814189910888672, -0.13840067386627197, -0.09976041316986084]",best_linear_model_for_Radiomic_Features_CaPTk_automaticsegm_DSC_ap-rCBV_ET.csv.h5,-0.004539847373962402
Radiomic_Features_CaPTk_segm_T1_ED.csv,202637.009375,37980.804016982394,-0.30803091526031495,0.12145038105815434,"[144921.84375, 176560.703125, 237896.953125, 207144.546875, 246661.0]","[-0.24043059349060059, -0.4696629047393799, -0.2628650665283203, -0.14249098300933838, -0.42470502853393555]",best_linear_model_for_Radiomic_Features_CaPTk_segm_T1_ED.csv.h5,-0.14249098300933838
Radiomic_Features_CaPTk_segm_DSC_ap-rCBV_ET.csv,200556.725,39447.657641634214,-0.33394956588745117,0.16152213264307932,"[207137.734375, 174499.34375, 179297.25, 274667.65625, 167181.640625]","[-0.5303400754928589, -0.11085200309753418, -0.3077346086502075, -0.5018631219863892, -0.2189580202102661]",best_linear_model_for_Radiomic_Features_CaPTk_segm_DSC_ap-rCBV_ET.csv.h5,-0.11085200309753418
Radiomic_Features_CaPTk_automaticsegm_DSC_PH_ED.csv,164074.3265625,26121.87003456762,-0.09252599477767945,0.12308821341220823,"[169382.765625, 155735.1875, 195116.875, 181357.921875, 118778.8828125]","[-0.046948790550231934, -0.3120136260986328, -0.13541769981384277, 0.006926357746124268, 0.024823784828186035]",best_linear_model_for_Radiomic_Features_CaPTk_automaticsegm_DSC_PH_ED.csv.h5,0.024823784828186035
Radiomic_Features_CaPTk_automaticsegm_DTI_TR_ED.csv,160232.140625,33529.761745266485,-0.0811007261276245,0.057399418114659755,"[197240.53125, 204239.34375, 135308.0625, 139952.6875, 124420.078125]","[-0.07812047004699707, -0.05151927471160889, -0.17889785766601562, -0.09262716770172119, -0.004338860511779785]",best_linear_model_for_Radiomic_Features_CaPTk_automaticsegm_DTI_TR_ED.csv.h5,-0.004338860511779785
Radiomic_Features_CaPTk_segm_DTI_AD_NC.csv,150960.2125,74801.25433806759,-0.6233969330787659,0.7761627701170062,"[87997.671875, 138334.90625, 296821.59375, 123162.7578125, 108484.1328125]","[-0.28283143043518066, -2.05607271194458, -0.5067695379257202, -0.5564957857131958, 0.2851848006248474]",best_linear_model_for_Radiomic_Features_CaPTk_segm_DTI_AD_NC.csv.h5,0.2851848006248474
Radiomic_Features_CaPTk_automaticsegm_DTI_AD_ED.csv,160668.21875,31443.418088535313,-0.08747391700744629,0.06935427757590042,"[200717.859375, 195977.484375, 136189.984375, 145205.84375, 125249.921875]","[-0.09712767601013184, -0.008983373641967773, -0.18658185005187988, -0.13363909721374512, -0.011037588119506836]",best_linear_model_for_Radiomic_Features_CaPTk_automaticsegm_DTI_AD_ED.csv.h5,-0.008983373641967773
Radiomic_Features_CaPTk_automaticsegm_T1_ET.csv,126037.640625,17531.433461787932,-0.07822234630584717,0.06619007896785137,"[154889.6875, 112866.890625, 103880.21875, 126199.578125, 132351.828125]","[-0.009482145309448242, -0.14755189418792725, 0.012151002883911133, -0.11373603343963623, -0.13249266147613525]",best_linear_model_for_Radiomic_Features_CaPTk_automaticsegm_T1_ET.csv.h5,0.012151002883911133
Radiomic_Features_CaPTk_segm_DSC_PSR_ET.csv,184494.0875,30830.46347632484,-0.24552993774414061,0.2540701965195128,"[150511.09375, 164607.328125, 237855.578125, 198065.171875, 171431.265625]","[-0.11198067665100098, -0.04788005352020264, -0.734839677810669, -0.08300626277923584, -0.24994301795959473]",best_linear_model_for_Radiomic_Features_CaPTk_segm_DSC_PSR_ET.csv.h5,-0.04788005352020264
Radiomic_Features_CaPTk_segm_T1GD_ED.csv,206542.625,31017.318877331836,-0.3405962705612183,0.10116929298497138,"[173517.859375, 165012.171875, 228235.234375, 225000.234375, 240947.625]","[-0.4851926565170288, -0.37353479862213135, -0.21157634258270264, -0.24097275733947754, -0.391704797744751]",best_linear_model_for_Radiomic_Features_CaPTk_segm_T1GD_ED.csv.h5,-0.21157634258270264
Radiomic_Features_CaPTk_automaticsegm_T1_ED.csv,121572.5015625,14251.190033534365,-0.02268325090408325,0.06535074604234223,"[128821.0625, 123288.0859375, 119065.6953125, 139940.875, 96746.7890625]","[0.06763267517089844, -0.08626222610473633, 0.044909536838531494, -0.06158638000488281, -0.07810986042022705]",best_linear_model_for_Radiomic_Features_CaPTk_automaticsegm_T1_ED.csv.h5,0.06763267517089844
Radiomic_Features_CaPTk_segm_DTI_RD_NC.csv,134232.215625,74240.47291146839,-0.31547088623046876,0.33516507696960796,"[88248.4765625, 83878.3203125, 280011.09375, 94771.84375, 124251.34375]","[-0.2864875793457031, -0.8530263900756836, -0.42143356800079346, -0.19769954681396484, 0.18129265308380127]",best_linear_model_for_Radiomic_Features_CaPTk_segm_DTI_RD_NC.csv.h5,0.18129265308380127
Radiomic_Features_CaPTk_automaticsegm_DTI_TR_ET.csv,150072.55,24679.185892907004,-0.029281139373779297,0.0873201447285857,"[198086.71875, 135559.5, 129346.171875, 140673.34375, 146697.015625]","[-0.0002932548522949219, 0.06686890125274658, -0.18935680389404297, 0.018224120140075684, -0.04184865951538086]",best_linear_model_for_Radiomic_Features_CaPTk_automaticsegm_DTI_TR_ET.csv.h5,0.06686890125274658
Radiomic_Features_CaPTk_segm_DTI_FA_ED.csv,152228.14765625,73566.89035699284,-0.2338486909866333,0.3565273145855362,"[51533.95703125, 134610.609375, 195068.3125, 112738.671875, 267189.1875]","[-0.7542406320571899, -0.13952744007110596, 0.04749995470046997, 0.2033582329750061, -0.5263335704803467]",best_linear_model_for_Radiomic_Features_CaPTk_segm_DTI_FA_ED.csv.h5,0.2033582329750061
Radiomic_Features_CaPTk_automaticsegm_DTI_RD_ED.csv,162537.928125,34138.62440942707,-0.09659249782562256,0.06304637156246534,"[199325.1875, 207455.890625, 136390.90625, 145465.8125, 124051.84375]","[-0.0895153284072876, -0.06807959079742432, -0.1883324384689331, -0.13566863536834717, -0.0013664960861206055]",best_linear_model_for_Radiomic_Features_CaPTk_automaticsegm_DTI_RD_ED.csv.h5,-0.0013664960861206055
Radiomic_Features_CaPTk_segm_T1GD_ET.csv,198751.396875,32294.788204824818,-0.2880368709564209,0.11098446730894511,"[172999.15625, 149251.5, 214529.1875, 234962.03125, 222015.109375]","[-0.48075294494628906, -0.24234545230865479, -0.1388183832168579, -0.2959163188934326, -0.2823512554168701]",best_linear_model_for_Radiomic_Features_CaPTk_segm_T1GD_ET.csv.h5,-0.1388183832168579
Radiomic_Features_CaPTk_segm_T2_ED.csv,171160.29375,29224.97167780987,-0.1067577838897705,0.08886888828958557,"[147554.984375, 125599.59375, 189077.703125, 198062.046875, 195507.140625]","[-0.26296842098236084, -0.04547083377838135, -0.0037103891372680664, -0.09239709377288818, -0.1292421817779541]",best_linear_model_for_Radiomic_Features_CaPTk_segm_T2_ED.csv.h5,-0.0037103891372680664
Radiomic_Features_CaPTk_automaticsegm_T1_NC.csv,160287.71875,36642.2264725684,-0.14145832061767577,0.08987709548253969,"[229310.359375, 134600.734375, 140453.015625, 130933.90625, 166140.578125]","[-0.31429576873779297, -0.10454308986663818, -0.06026577949523926, -0.09102785587310791, -0.13715910911560059]",best_linear_model_for_Radiomic_Features_CaPTk_automaticsegm_T1_NC.csv.h5,-0.06026577949523926
Radiomic_Features_CaPTk_segm_DSC_PH_ED.csv,160352.81875,9010.585176079889,-0.07839028835296631,0.07808519491432397,"[158101.375, 156397.9375, 154143.84375, 178171.28125, 154949.65625]","[-0.16805791854858398, 0.004380404949188232, -0.12427413463592529, 0.025772154331207275, -0.12977194786071777]",best_linear_model_for_Radiomic_Features_CaPTk_segm_DSC_PH_ED.csv.h5,0.025772154331207275
Radiomic_Features_CaPTk_automaticsegm_DTI_RD_NC.csv,148106.2890625,20364.03251407675,-0.09469738006591796,0.0830204520776619,"[182733.578125, 150345.203125, 146908.234375, 119505.0546875, 141039.375]","[-0.07525289058685303, -0.07411205768585205, -0.2561366558074951, -0.04465484619140625, -0.0233304500579834]",best_linear_model_for_Radiomic_Features_CaPTk_automaticsegm_DTI_RD_NC.csv.h5,-0.0233304500579834
Radiomic_Features_CaPTk_automaticsegm_DTI_FA_ED.csv,164769.5875,28198.20691825539,-0.1257854700088501,0.14373961086619508,"[191079.34375, 202287.5625, 162065.5, 134722.859375, 133692.671875]","[-0.044443368911743164, -0.04147064685821533, -0.4120272397994995, -0.05179727077484131, -0.07918882369995117]",best_linear_model_for_Radiomic_Features_CaPTk_automaticsegm_DTI_FA_ED.csv.h5,-0.04147064685821533
Radiomic_Features_CaPTk_automaticsegm_T2_ED.csv,150772.6375,37029.70691021614,-0.2811040997505188,0.32276592580535723,"[116327.3984375, 194804.609375, 123224.1328125, 197240.015625, 122267.03125]","[0.15805798768997192, -0.7163774967193604, 0.01155245304107666, -0.4962555170059204, -0.3624979257583618]",best_linear_model_for_Radiomic_Features_CaPTk_automaticsegm_T2_ED.csv.h5,0.15805798768997192
Radiomic_Features_CaPTk_segm_DTI_RD_ED.csv,138706.8484375,52276.03015613043,-0.1916800022125244,0.40985478883789583,"[58387.203125, 129199.8359375, 203639.625, 115124.84375, 187182.734375]","[-0.9875284433364868, -0.09372329711914062, 0.005647063255310059, 0.18649685382843018, -0.06929218769073486]",best_linear_model_for_Radiomic_Features_CaPTk_segm_DTI_RD_ED.csv.h5,0.18649685382843018
Radiomic_Features_CaPTk_segm_DTI_AD_ED.csv,155709.3265625,46887.02145382489,-0.5010216712951661,0.8626294594341923,"[94064.453125, 146713.703125, 207375.375, 119036.1953125, 211356.90625]","[-2.2019991874694824, -0.24198448657989502, -0.012594223022460938, 0.15885818004608154, -0.20738863945007324]",best_linear_model_for_Radiomic_Features_CaPTk_segm_DTI_AD_ED.csv.h5,0.15885818004608154
Radiomic_Features_CaPTk_segm_FLAIR_ET.csv,195000.746875,47210.4780010015,-0.26214072704315183,0.23037842797219746,"[135590.40625, 186293.3125, 218207.53125, 272190.53125, 162721.953125]","[-0.16055989265441895, -0.5506755113601685, -0.15834474563598633, -0.5012474060058594, 0.06012392044067383]",best_linear_model_for_Radiomic_Features_CaPTk_segm_FLAIR_ET.csv.h5,0.06012392044067383
Radiomic_Features_CaPTk_segm_DTI_AD_ET.csv,149755.3046875,46083.441398154275,-0.42007620334625245,0.7829199722850747,"[87427.8984375, 108699.75, 215632.65625, 166928.09375, 170088.125]","[-1.9760875701904297, 0.07981735467910767, -0.052913784980773926, -0.17955875396728516, 0.028361737728118896]",best_linear_model_for_Radiomic_Features_CaPTk_segm_DTI_AD_ET.csv.h5,0.07981735467910767
Radiomic_Features_CaPTk_segm_DSC_ap-rCBV_ED.csv,113832.9734375,26674.540265308537,-0.33735276460647584,0.7574627692614129,"[101211.0625, 101381.9765625, 149219.328125, 77547.984375, 139804.515625]","[0.53214430809021, -1.6663684844970703, -0.30836403369903564, 0.23352640867233276, -0.4777020215988159]",best_linear_model_for_Radiomic_Features_CaPTk_segm_DSC_ap-rCBV_ED.csv.h5,0.53214430809021
Radiomic_Features_CaPTk_automaticsegm_FLAIR_ED.csv,128180.721875,18093.35589439546,-0.08106224536895752,0.13921150671033392,"[123205.5703125, 150142.5, 128512.21875, 141654.296875, 97389.0234375]","[0.1082758903503418, -0.32287001609802246, -0.030866146087646484, -0.0745842456817627, -0.08526670932769775]",best_linear_model_for_Radiomic_Features_CaPTk_automaticsegm_FLAIR_ED.csv.h5,0.1082758903503418
Radiomic_Features_CaPTk_segm_T1GD_NC.csv,202990.990625,24334.07623127799,-0.23733913898468018,0.10317132743819502,"[185307.9375, 193031.890625, 221289.9375, 240604.6875, 174720.5]","[-0.205541729927063, -0.25287485122680664, -0.16242444515228271, -0.42818641662597656, -0.13766825199127197]",best_linear_model_for_Radiomic_Features_CaPTk_segm_T1GD_NC.csv.h5,-0.13766825199127197
Radiomic_Features_CaPTk_segm_DTI_FA_NC.csv,128777.41015625,76188.10173127847,-0.1796524167060852,0.16281042819927305,"[68185.1796875, 63731.03515625, 263734.125, 86276.8671875, 161959.84375]","[0.005995452404022217, -0.40793585777282715, -0.33880603313446045, -0.09034240245819092, -0.06717324256896973]",best_linear_model_for_Radiomic_Features_CaPTk_segm_DTI_FA_NC.csv.h5,0.005995452404022217
Radiomic_Features_CaPTk_segm_T1_NC.csv,202170.665625,4591.438547918987,-0.24015333652496337,0.09202185011864004,"[193044.765625, 203916.359375, 205382.375, 204062.84375, 204446.984375]","[-0.25587451457977295, -0.3235205411911011, -0.07886290550231934, -0.21128058433532715, -0.3312281370162964]",best_linear_model_for_Radiomic_Features_CaPTk_segm_T1_NC.csv.h5,-0.07886290550231934
Radiomic_Features_CaPTk_segm_DTI_FA_ET.csv,175721.7703125,61468.61867441559,-0.4704859972000122,0.36706994523436065,"[62462.0078125, 182578.34375, 213943.296875, 176406.65625, 243218.546875]","[-1.1262366771697998, -0.5455917119979858, -0.044664740562438965, -0.24653685092926025, -0.38940000534057617]",best_linear_model_for_Radiomic_Features_CaPTk_segm_DTI_FA_ET.csv.h5,-0.044664740562438965
Radiomic_Features_CaPTk_automaticsegm_FLAIR_ET.csv,126954.08125,15348.556977341048,-0.08882019519805909,0.0620653844700551,"[157149.671875, 115882.6796875, 120595.765625, 117282.5703125, 123859.71875]","[-0.024211406707763672, -0.17821431159973145, -0.14680540561676025, -0.03504157066345215, -0.05982828140258789]",best_linear_model_for_Radiomic_Features_CaPTk_automaticsegm_FLAIR_ET.csv.h5,-0.024211406707763672
Radiomic_Features_CaPTk_segm_DSC_PH_NC.csv,247016.578125,37067.60803766919,-0.35664303302764894,0.20518416538460557,"[213919.265625, 248234.515625, 298128.59375, 275973.15625, 198827.359375]","[-0.5662243366241455, -0.14999568462371826, -0.6420565843582153, -0.23299026489257812, -0.1919482946395874]",best_linear_model_for_Radiomic_Features_CaPTk_segm_DSC_PH_NC.csv.h5,-0.14999568462371826
Radiomic_Features_CaPTk_automaticsegm_DSC_ap-rCBV_NC.csv,158066.90625,21253.763275654008,-0.06627600193023682,0.03903685666604736,"[155522.953125, 132481.015625, 151058.734375, 197211.921875, 154059.90625]","[-0.08316326141357422, -0.038070082664489746, -0.004682660102844238, -0.10932016372680664, -0.09614384174346924]",best_linear_model_for_Radiomic_Features_CaPTk_automaticsegm_DSC_ap-rCBV_NC.csv.h5,-0.004682660102844238
Radiomic_Features_CaPTk_segm_DTI_TR_ED.csv,154859.1890625,49857.0170237104,-0.4208969235420227,0.6665815326224926,"[79907.6015625, 155869.765625, 213010.5, 122111.59375, 203396.484375]","[-1.7200932502746582, -0.31949377059936523, -0.040109992027282715, 0.137126624584198, -0.16191422939300537]",best_linear_model_for_Radiomic_Features_CaPTk_segm_DTI_TR_ED.csv.h5,0.137126624584198
Radiomic_Features_CaPTk_automaticsegm_T1GD_NC.csv,143395.3,17432.538917980208,-0.036125349998474124,0.06361976192875657,"[171900.859375, 141170.25, 136373.328125, 118482.125, 149049.9375]","[0.014747560024261475, -0.158453106880188, -0.029468536376953125, 0.012728631496429443, -0.02018129825592041]",best_linear_model_for_Radiomic_Features_CaPTk_automaticsegm_T1GD_NC.csv.h5,0.014747560024261475
Radiomic_Features_CaPTk_segm_DTI_RD_ET.csv,164250.8046875,48446.54899229401,-0.5073797941207886,0.6658612759734127,"[81523.4921875, 182035.59375, 231550.453125, 167720.515625, 158423.96875]","[-1.7750988006591797, -0.5409970283508301, -0.13063883781433105, -0.18515825271606445, 0.0949939489364624]",best_linear_model_for_Radiomic_Features_CaPTk_segm_DTI_RD_ET.csv.h5,0.0949939489364624
Radiomic_Features_CaPTk_segm_DSC_PH_ET.csv,186903.178125,54717.37878549672,-0.26417059898376466,0.42324691236822287,"[133111.34375, 159242.015625, 288402.40625, 196982.765625, 156777.359375]","[0.016569137573242188, -0.013724803924560547, -1.1035115718841553, -0.0770876407623291, -0.1430981159210205]",best_linear_model_for_Radiomic_Features_CaPTk_segm_DSC_PH_ET.csv.h5,0.016569137573242188
Radiomic_Features_CaPTk_segm_DSC_PSR_NC.csv,228173.6375,55295.049050764086,-0.22048957347869874,0.10556585474841841,"[154110.671875, 259566.765625, 233485.515625, 310456.21875, 183249.015625]","[-0.12833166122436523, -0.20249462127685547, -0.2860102653503418, -0.3870534896850586, -0.09855782985687256]",best_linear_model_for_Radiomic_Features_CaPTk_segm_DSC_PSR_NC.csv.h5,-0.09855782985687256
Radiomic_Features_CaPTk_automaticsegm_DTI_AD_ET.csv,140960.8796875,25973.182887317394,0.038408207893371585,0.05087094503002511,"[190049.40625, 128643.0234375, 113290.9375, 134897.109375, 137923.921875]","[0.040293335914611816, 0.11447888612747192, -0.04172658920288086, 0.058537185192108154, 0.020458221435546875]",best_linear_model_for_Radiomic_Features_CaPTk_automaticsegm_DTI_AD_ET.csv.h5,0.11447888612747192
Radiomic_Features_CaPTk_automaticsegm_DTI_AD_NC.csv,145267.696875,15359.2990094051,-0.0765838384628296,0.05566535067104667,"[174103.796875, 145675.734375, 132271.609375, 132298.296875, 141989.046875]","[-0.024472951889038086, -0.04075181484222412, -0.13098633289337158, -0.1564871072769165, -0.030220985412597656]",best_linear_model_for_Radiomic_Features_CaPTk_automaticsegm_DTI_AD_NC.csv.h5,-0.024472951889038086
Radiomic_Features_CaPTk_segm_T2_NC.csv,176334.05625,30483.41866222655,-0.08022675514221192,0.1918232759955513,"[137438.640625, 192441.46875, 162629.96875, 226362.59375, 162797.609375]","[0.1058773398399353, -0.24904263019561768, 0.14571326971054077, -0.343647837638855, -0.06003391742706299]",best_linear_model_for_Radiomic_Features_CaPTk_segm_T2_NC.csv.h5,0.14571326971054077
Radiomic_Features_CaPTk_segm_T1_ET.csv,238405.571875,110212.85165937309,-0.5304817199707031,0.5526496917593773,"[184503.375, 180573.359375, 185624.6875, 458804.25, 182522.1875]","[-0.5792211294174194, -0.5030636787414551, 0.014619827270507812, -1.5305020809173584, -0.05424153804779053]",best_linear_model_for_Radiomic_Features_CaPTk_segm_T1_ET.csv.h5,0.014619827270507812
Radiomic_Features_CaPTk_automaticsegm_T2_NC.csv,152269.815625,15545.435891934774,-0.10231177806854248,0.05402403980806406,"[181748.140625, 141948.609375, 143105.1875, 140241.90625, 154305.234375]","[-0.041692256927490234, -0.16484034061431885, -0.08028662204742432, -0.16858816146850586, -0.056151509284973145]",best_linear_model_for_Radiomic_Features_CaPTk_automaticsegm_T2_NC.csv.h5,-0.041692256927490234
Radiomic_Features_CaPTk_automaticsegm_DSC_PH_ET.csv,171681.28125,69139.40117964649,-0.0735705852508545,0.050415613513164044,"[255291.9375, 114188.6796875, 105501.2890625, 256607.828125, 126816.671875]","[-0.0713416337966919, -0.03831076622009277, -0.15987002849578857, -0.011604547500610352, -0.08672595024108887]",best_linear_model_for_Radiomic_Features_CaPTk_automaticsegm_DSC_PH_ET.csv.h5,-0.011604547500610352
Radiomic_Features_CaPTk_automaticsegm_DTI_RD_ET.csv,147095.13125,26939.87111208772,-0.0025150179862976074,0.04641797187298309,"[194792.28125, 144749.171875, 113208.671875, 133169.796875, 149555.734375]","[0.01634281873703003, 0.0036113858222961426, -0.04097020626068115, 0.07059234380722046, -0.062151432037353516]",best_linear_model_for_Radiomic_Features_CaPTk_automaticsegm_DTI_RD_ET.csv.h5,0.07059234380722046
Radiomic_Features_CaPTk_automaticsegm_DTI_TR_NC.csv,146384.4953125,16361.396075267456,-0.08508663177490235,0.0716621255195057,"[177319.421875, 145242.171875, 140956.875, 129009.8671875, 139394.140625]","[-0.04339456558227539, -0.03765439987182617, -0.20524954795837402, -0.12774133682250977, -0.011393308639526367]",best_linear_model_for_Radiomic_Features_CaPTk_automaticsegm_DTI_TR_NC.csv.h5,-0.011393308639526367
Radiomic_Features_CaPTk_automaticsegm_T1GD_ED.csv,120117.559375,10404.959584911307,-0.014341866970062256,0.0737811671138668,"[131896.5, 122111.6796875, 118696.234375, 126596.59375, 101286.7890625]","[0.04537367820739746, -0.075897216796875, 0.04787319898605347, 0.039642930030822754, -0.12870192527770996]",best_linear_model_for_Radiomic_Features_CaPTk_automaticsegm_T1GD_ED.csv.h5,0.04787319898605347
Radiomic_Features_CaPTk_automaticsegm_DSC_PH_NC.csv,156356.034375,39598.60238366241,-0.03900817632675171,0.07242460217305506,"[194112.046875, 133520.203125, 140745.0, 209848.953125, 103553.96875]","[-0.05676114559173584, 0.0935634970664978, -0.03255927562713623, -0.12134099006652832, -0.07794296741485596]",best_linear_model_for_Radiomic_Features_CaPTk_automaticsegm_DSC_PH_NC.csv.h5,0.0935634970664978
