epoch,batch,train_loss,val_loss
1,9,0.691758930683136,0.6889486034711202
1,19,0.6912865042686462,0.6884887019793192
2,9,0.7059407234191895,0.6878605922063191
2,19,0.6988535523414612,0.6874898314476013
3,9,0.7155680656433105,0.6868932962417602
3,19,0.6936635375022888,0.6864520986874898
4,9,0.6979361772537231,0.6944807966550192
4,19,0.6973710060119629,0.6940396428108215
5,9,0.7001089453697205,0.6933677434921265
5,19,0.6913682818412781,0.6929123163223266
6,9,0.7253378629684448,0.6922253886858623
6,19,0.702451765537262,0.6917694409688314
7,9,0.6881954669952393,0.6910735607147217
7,9,0.6982079744338989,0.7017173051834107
8,19,0.6988577842712402,0.7012441476186116
8,9,0.7153287529945374,0.7005297263463338
9,19,0.7067365050315857,0.7000419576962789
9,9,0.7310136556625366,0.6993154446283977
10,19,0.7097402215003967,0.6988366842269897
10,9,0.6977133750915527,0.6980966091156006
11,19,0.7062053680419922,0.6976001183191936
11,9,0.6973592042922974,0.6968628128369649
12,19,0.6971474289894104,0.6963640689849854
12,9,0.6940975189208984,0.6956196626027426
13,19,0.7069088220596313,0.695117461681366
13,9,0.6919456720352173,0.6943774620691935
14,19,0.6953374147415161,0.6938840707143148
14,9,0.7057979106903076,0.6931403358777364
15,19,0.7070217132568359,0.6926432212193807
15,9,0.6901599168777466,0.691895600159963
16,19,0.6927676200866699,0.6913973728815714
16,9,0.6916666030883789,0.6906391143798828
17,9,0.693256676197052,0.7038202325503031
17,19,0.6919586658477783,0.7033578713734945
18,9,0.7148602604866028,0.7026677370071411
18,19,0.7078978419303894,0.7022015452384949
19,9,0.6106348633766174,0.6093907713890075
19,19,0.6112547516822815,0.6090361118316651
20,9,0.6200672388076782,0.6085044701894124
20,19,0.6128572821617126,0.6081427613894145
21,9,0.6390016078948975,0.6076060652732849
21,19,0.6166998744010925,0.6072584311167399
22,9,0.6016852259635925,0.6067177136739095
22,19,0.611088216304779,0.606355857849121
23,9,0.6078177690505981,0.6057964920997619
23,19,0.6108813285827637,0.6054298281669617
24,9,0.6026102304458618,0.6048830231030782
24,19,0.6157123446464539,0.6045173207918803
25,9,0.6041483283042908,0.6039626518885295
25,19,0.6093565225601196,0.6035868803660075
26,9,0.6120250821113586,0.6030295213063558
26,19,0.6155228018760681,0.6026511033376057
27,9,0.6035444140434265,0.6020848115285238
27,19,0.6028863191604614,0.6017084876696269
28,9,0.6019196510314941,0.6011397123336792
28,19,0.6007637977600098,0.6007583737373352
29,9,0.605575680732727,0.6001898169517517
29,19,0.6099838018417358,0.5998066663742065
30,9,0.6043405532836914,0.5992344458897908
30,19,0.6019679307937622,0.5988457640012105
31,9,0.6015929579734802,0.5982629060745239
31,19,0.6043134927749634,0.5978903929392497
32,9,0.5991179347038269,0.5973183631896972
32,19,0.594907283782959,0.5969230651855468
33,9,0.6032997369766235,0.5963171323140463
33,19,0.5956743955612183,0.5959054430325826
34,9,0.6023231148719788,0.5953080336252848
34,19,0.6098173260688782,0.5949134945869445
35,9,0.6080347895622253,0.5943180004755656
35,19,0.6119248867034912,0.5939213236172994
36,9,0.5958324074745178,0.5933120727539063
36,19,0.5982393026351929,0.5929086565971374
37,9,0.6030466556549072,0.5922962387402853
37,19,0.5906903743743896,0.5918949127197266
38,9,0.5942045450210571,0.5912908991177876
38,19,0.5938904285430908,0.5908991535504658
39,9,0.5919442176818848,0.5902984658877055
39,19,0.5961339473724365,0.58989018201828
40,9,0.5905280113220215,0.5892638882001241
40,19,0.5973087549209595,0.5888360778490702
41,9,0.5900149941444397,0.5882026712099712
41,19,0.5928749442100525,0.5877838095029195
42,9,0.6002340912818909,0.5871523896853129
42,19,0.6006379127502441,0.5867332696914673
43,9,0.5988160371780396,0.58610813220342
43,19,0.5976561903953552,0.5857064565022786
44,9,0.5889084339141846,0.5850946585337321
44,19,0.5891996026039124,0.5846744378407797
45,9,0.5981096029281616,0.5840444286664327
45,19,0.5899669528007507,0.5836261590321858
46,9,0.584277868270874,0.5829888582229614
46,19,0.578633189201355,0.5825520316759746
47,9,0.5832453966140747,0.5818905274073283
47,19,0.5877683758735657,0.5814358750979106
48,9,0.5963133573532104,0.5807637691497802
48,19,0.5948898792266846,0.5803282380104064
49,9,0.5834214091300964,0.5796627004941305
49,19,0.5832533836364746,0.5792085727055868
50,9,0.5822877883911133,0.5785210768381754
50,19,0.5847017765045166,0.5780656933784485
51,9,0.5853603482246399,0.5773910760879517
51,19,0.5874567627906799,0.5769403497378032
52,9,0.5787622332572937,0.5762702544530233
52,19,0.5832929611206055,0.5758177518844605
53,9,0.5855427384376526,0.5751346985499064
53,19,0.5811759233474731,0.5746788144111633
54,9,0.5747973322868347,0.5739792267481486
54,19,0.5638647079467773,0.5735035061836242
55,9,0.5805437564849854,0.5728010376294453
55,19,0.5837703943252563,0.5723422010739644
56,9,0.5796183943748474,0.5716373761494954
56,19,0.5719653367996216,0.5711583495140076
57,9,0.5816641449928284,0.5704411705334981
57,19,0.5672488808631897,0.569973353544871
58,9,0.5734283328056335,0.5692693789800009
58,19,0.5731378793716431,0.568800131479899
59,9,0.5799338817596436,0.5680817325909933
59,19,0.5842353105545044,0.5676050504048665
60,9,0.5852537751197815,0.5668887019157409
60,19,0.5803939700126648,0.5664167881011963
61,9,0.5818105340003967,0.5657196203867595
61,19,0.5913768410682678,0.565251882870992
62,9,0.5685219764709473,0.5645326137542724
62,19,0.5607479214668274,0.5640338222185771
63,9,0.5663381814956665,0.5632991870244344
63,19,0.5676180124282837,0.562825866540273
64,9,0.5776722431182861,0.5621221502621968
64,19,0.5724592208862305,0.5616541544596354
65,9,0.5715581774711609,0.5609450578689575
65,19,0.5642321109771729,0.5604523261388142
66,9,0.5722361207008362,0.5597129305203755
66,19,0.5692018866539001,0.5592272679011027
67,9,0.5521828532218933,0.5584915757179261
67,19,0.5606378316879272,0.5579784591992696
68,9,0.5708226561546326,0.5572197079658509
68,19,0.5694443583488464,0.5567431171735128
69,9,0.5759159922599792,0.5560264865557353
69,19,0.5738248229026794,0.5555567065874736
70,9,0.5542035698890686,0.5548400203386943
70,19,0.5593215823173523,0.554349672794342
71,9,0.5617382526397705,0.5535980145136515
71,19,0.5728096961975098,0.5530951698621114
72,9,0.5500808358192444,0.5523360530535381
72,19,0.5597678422927856,0.5518317341804504
73,9,0.5574313402175903,0.5510669986406962
73,19,0.5578258037567139,0.5505495071411133
74,9,0.5589917302131653,0.5497843623161316
74,19,0.5590689182281494,0.5492759585380554
75,9,0.5581298470497131,0.5485192577044169
75,19,0.5634706020355225,0.5480330506960551
76,9,0.5499510765075684,0.5472822984059652
76,19,0.5497467517852783,0.5467707554499308
77,9,0.550797700881958,0.5460018197695414
77,19,0.5678072571754456,0.545493213335673
78,9,0.560102641582489,0.5447398066520691
78,19,0.5545206665992737,0.5442371050516764
79,9,0.5512917041778564,0.5434659202893575
79,19,0.5638201832771301,0.5429554065068563
80,9,0.5559449791908264,0.542188807328542
80,19,0.5615887641906738,0.5416744391123454
81,9,0.5579226016998291,0.5409117182095845
81,19,0.5529719591140747,0.5403980294863383
82,9,0.5425003170967102,0.5396275083223979
82,19,0.5481681227684021,0.5391077319780986
83,9,0.5542922616004944,0.538319996992747
83,19,0.5466198921203613,0.5378029386202494
84,9,0.5433365106582642,0.5370330055554707
84,19,0.5589790344238281,0.5365220824877421
85,9,0.5537161231040955,0.5357423861821492
85,19,0.5480252504348755,0.5352279702822368
86,9,0.5439965128898621,0.5344480236371358
86,19,0.5394142270088196,0.5339080651601156
87,9,0.5370314121246338,0.5331000010172526
87,19,0.5387086272239685,0.5325596729914347
88,9,0.5376257300376892,0.5317665060361226
88,19,0.5453421473503113,0.5312413295110067
89,9,0.539554238319397,0.530450435479482
89,19,0.5438566207885742,0.5299327691396077
90,9,0.533374547958374,0.5291459719340007
90,19,0.5335749387741089,0.5286167860031128
91,9,0.5449424982070923,0.5278213580449422
91,19,0.5441144704818726,0.5272976875305175
92,9,0.542168915271759,0.5265106240908305
92,19,0.5409587025642395,0.5259939193725586
93,9,0.5464752316474915,0.5252238631248474
93,19,0.5485309362411499,0.5247107585271199
94,9,0.5356607437133789,0.5239442189534506
94,19,0.5342053174972534,0.5234235644340515
95,9,0.5283023715019226,0.5226436297098795
95,19,0.540477454662323,0.5221274773279826
96,9,0.5310361385345459,0.5213506142298381
96,19,0.5382629036903381,0.5208290417989095
97,9,0.5236519575119019,0.5200490156809489
97,19,0.5285610556602478,0.5195211331049602
98,9,0.5387665033340454,0.518734868367513
98,19,0.542547345161438,0.5182103315989176
99,9,0.5199819207191467,0.5174201806386312
99,19,0.5212602019309998,0.5168767849604289
100,9,0.53853839635849,0.5160832405090332
100,19,0.5278611779212952,0.5155617833137512
101,9,0.5438079833984375,0.514773158232371
101,19,0.5260583162307739,0.5142482479413351
102,9,0.521048903465271,0.5134581287701925
102,19,0.5199686288833618,0.5129339814186096
103,9,0.5173298716545105,0.5121425032615662
103,19,0.523226797580719,0.5116175452868144
104,9,0.5230592489242554,0.5108256896336874
104,19,0.5329355597496033,0.5102980534235636
105,9,0.5149122476577759,0.5095101952552795
105,19,0.5136640667915344,0.508974560101827
106,9,0.5292178988456726,0.5081819891929626
106,19,0.5160157084465027,0.5076559782028198
107,9,0.527930498123169,0.5068791151046753
107,19,0.5335606932640076,0.5063882748285929
108,9,0.519186794757843,0.5056401491165161
108,19,0.5233363509178162,0.5051298856735229
109,9,0.5318171381950378,0.5043560028076172
109,19,0.5197769999504089,0.503848151365916
110,9,0.5180773735046387,0.5030734062194824
110,19,0.5062236785888672,0.5025586366653443
111,9,0.5215418338775635,0.5017795880635579
111,19,0.5134978890419006,0.501261830329895
112,9,0.5180802345275879,0.5004963874816895
112,19,0.5184866786003113,0.4999944051106771
113,9,0.5198777914047241,0.4992269555727641
113,19,0.510176956653595,0.4987141887346903
114,9,0.5203508138656616,0.4979539314905802
114,19,0.5145809650421143,0.4974410057067871
115,9,0.5167274475097656,0.4966893871625265
115,19,0.5209919214248657,0.4961954454580943
116,9,0.5154735445976257,0.4954391161600748
116,19,0.5074355602264404,0.4949329853057861
117,9,0.5091512203216553,0.4941597024599711
117,19,0.5044063925743103,0.493628050883611
118,9,0.5061292052268982,0.4928410589694977
118,19,0.5020497441291809,0.4923229575157165
119,9,0.5025970339775085,0.4915542761484782
119,19,0.5201610326766968,0.4910395741462707
120,9,0.5098756551742554,0.4902731299400329
120,19,0.5062142014503479,0.4897631525993347
121,9,0.5105671286582947,0.4889959434668223
121,19,0.5050861835479736,0.488489963610967
122,9,0.515038251876831,0.487731005748113
122,19,0.5098192095756531,0.4872185369332631
123,9,0.50968337059021,0.4864509880542755
123,19,0.5119883418083191,0.4859359959761302
124,9,0.4977734684944153,0.4851643880208333
124,19,0.5032081604003906,0.4846465826034546
125,9,0.4939700067043304,0.4838767945766449
125,19,0.5046749114990234,0.4833733975887299
126,9,0.5117741227149963,0.4826131641864776
126,19,0.5101897120475769,0.4821083108584086
127,9,0.5017514228820801,0.4813558359940846
127,19,0.5034944415092468,0.4808548390865326
128,9,0.4982891082763672,0.480123229821523
128,19,0.4940625429153442,0.4796409289042155
129,9,0.5002155303955078,0.4788982093334198
129,19,0.4912392199039459,0.4784004151821136
130,9,0.516152560710907,0.4776387890179952
130,19,0.4993155896663666,0.4771447439988454
131,9,0.4815081059932709,0.4764009455839793
131,19,0.4937044680118561,0.4759000857671102
132,9,0.4843025505542755,0.4751449346542358
132,19,0.4794903993606567,0.4746374626954396
133,9,0.4892348647117615,0.4738762736320495
133,19,0.4891790747642517,0.4733670075734456
134,9,0.4892484247684479,0.4726140836874644
134,19,0.4927018880844116,0.4721238752206166
135,9,0.4953543841838836,0.4713816364606221
135,19,0.4872331619262695,0.4708906014760335
136,9,0.5029506087303162,0.4701508998870849
136,19,0.4949319362640381,0.4696687738100688
137,9,0.4853543937206268,0.4689372479915619
137,19,0.4991081655025482,0.4684515098730723
138,9,0.4851753711700439,0.4677105406920115
138,19,0.4853022396564483,0.4672151545683543
139,9,0.4785727858543396,0.4664687732855478
139,19,0.4824555516242981,0.4659831960995992
140,9,0.4736029803752899,0.4652641097704569
140,19,0.4871773421764374,0.4647734522819519
141,9,0.4810748994350433,0.4640501300493876
141,19,0.4903751015663147,0.463568103313446
142,9,0.4714289605617523,0.4628468632698059
142,19,0.4761458933353424,0.4623552401860555
143,9,0.4784055352210998,0.4616214752197266
143,19,0.479416161775589,0.4611334145069122
144,9,0.4710906147956848,0.4604113856951395
144,19,0.4763309061527252,0.4599255541960398
145,9,0.4675281941890716,0.4591978271802266
145,19,0.4720600545406341,0.4587109287579854
146,9,0.4759661555290222,0.4579811036586761
146,19,0.4739916622638702,0.4575049082438151
147,9,0.4637012481689453,0.4567989746729533
147,19,0.4670558571815491,0.4563227494557698
148,9,0.474039614200592,0.4556150197982788
148,19,0.4798362851142883,0.4551380097866058
149,9,0.4743051528930664,0.4544325570265452
149,19,0.4773458838462829,0.4539616564909617
150,9,0.4888591170310974,0.4532500783602396
150,19,0.4942432343959808,0.4527865469455719
151,9,0.4660730361938476,0.4520865062872569
151,19,0.4707635045051574,0.4516110519568125
152,9,0.4730754196643829,0.450901597738266
152,19,0.4782226085662842,0.4504461407661438
153,9,0.4644280672073364,0.4497557282447815
153,19,0.4693008959293365,0.4492967108885447
154,9,0.4652794003486633,0.4485928734143575
154,19,0.4648964703083038,0.4481260637442271
155,9,0.4613523185253143,0.4474254310131073
155,19,0.4596645534038543,0.4469531774520874
156,9,0.4649383127689361,0.4462546209494273
156,19,0.4738143980503082,0.4457867383956909
157,9,0.4579660594463348,0.4450995246569315
157,19,0.4547643363475799,0.4446429014205932
158,9,0.4504017829895019,0.4439388354619344
158,19,0.4488872587680816,0.443473349014918
159,9,0.4560137093067169,0.442782594760259
159,19,0.4583905339241028,0.4423312743504842
160,9,0.4518133401870727,0.4416486223538716
160,19,0.4646006524562835,0.4411911606788635
161,9,0.4523060619831085,0.4405033409595489
161,19,0.45614093542099,0.440050721168518
162,9,0.4454130828380584,0.4393750011920929
162,19,0.4609454572200775,0.4389227290948232
163,9,0.4514357447624206,0.4382529278596242
163,19,0.4500226378440857,0.4378006418546041
164,9,0.449019581079483,0.4371135135491689
164,19,0.4503200054168701,0.436658497651418
165,9,0.4549129009246826,0.435985008875529
165,19,0.4498517215251922,0.4355368276437124
166,9,0.4562419652938843,0.4348643978436788
166,19,0.4488577544689178,0.4344129979610443
167,9,0.4346861541271209,0.4337310413519541
167,19,0.4370694756507873,0.4332749764124552
168,9,0.4500353634357452,0.4326010127862295
168,19,0.4542261958122253,0.432155430316925
169,9,0.4388491511344909,0.4314862449963887
169,19,0.4407893121242523,0.4310394207636515
170,9,0.4372809827327728,0.4303654909133911
170,19,0.4294599890708923,0.4299108366171519
171,9,0.4501616954803467,0.4292374948660533
171,19,0.450555682182312,0.4287964224815369
172,9,0.4447850584983825,0.4281267563501993
172,19,0.4450970590114593,0.4276791095733642
173,9,0.4368803799152374,0.4270145396391551
173,19,0.4289841949939728,0.4265793124834696
174,9,0.4442266225814819,0.4259230971336364
174,19,0.4429265558719635,0.4254785458246867
175,9,0.4437281489372253,0.4248348077138265
175,19,0.4357864260673523,0.424404505888621
176,9,0.4504532814025879,0.4237660547097524
176,19,0.4429377615451813,0.4233334461847941
177,9,0.4424262642860412,0.4226934075355529
177,19,0.442284494638443,0.4222687125205994
178,9,0.4410004317760467,0.4216343621412913
178,19,0.4447478353977203,0.4212049086888631
179,9,0.4472028613090515,0.4205626130104065
179,19,0.4438728094100952,0.4201348940531412
180,9,0.4455223679542541,0.4195064763228098
180,19,0.4387919306755066,0.4190852264563242
181,9,0.4486604630947113,0.4184468964735667
181,19,0.4505416452884674,0.4180215279261271
182,9,0.4332631826400757,0.417388258377711
182,19,0.430048406124115,0.4169640779495239
183,9,0.4254705309867859,0.4163243770599365
183,19,0.4301461577415466,0.4158916076024373
184,9,0.4347197413444519,0.4152529756228129
184,19,0.428489089012146,0.4148441632588704
185,9,0.4266168177127838,0.4142194966475169
185,19,0.4209718406200409,0.4138067642847697
186,9,0.4325408935546875,0.4131840864817301
186,19,0.4347714185714721,0.412772653500239
187,9,0.4273020625114441,0.412159659465154
187,19,0.4341050088405609,0.4117483894030253
188,9,0.4290629029273987,0.4111268540223439
188,19,0.4289397001266479,0.4107153594493866
189,9,0.4319253861904144,0.4100965718428294
189,19,0.4370652735233307,0.4096892217795054
190,9,0.4280155599117279,0.4090755343437194
190,19,0.4196471869945526,0.4086690068244934
191,9,0.4237380921840668,0.4080539762973785
191,19,0.4247588515281677,0.4076425929864247
192,9,0.4180745482444763,0.407025529940923
192,19,0.4182284474372864,0.4066131214300791
193,9,0.4174458384513855,0.4059887568155924
193,19,0.4168373048305511,0.405569996436437
194,9,0.4212822616100311,0.4049577752749125
194,19,0.4148843586444855,0.4045482099056244
195,9,0.4084787964820862,0.4039362986882527
195,19,0.4092975258827209,0.4035286406675974
196,9,0.4272181987762451,0.4029236058394114
196,19,0.4298242330551147,0.4025244851907094
197,9,0.4146416485309601,0.4019215047359467
197,19,0.4310652911663055,0.4015249013900757
198,9,0.4174528419971466,0.4009271343549093
198,19,0.4301371276378631,0.4005264063676198
199,9,0.4242120087146759,0.3999150276184082
199,19,0.4248135387897491,0.3995160937309265
200,9,0.4124657809734344,0.3989137967427572
200,19,0.4112472534179687,0.3985192000865936
201,9,0.4111921787261963,0.3979263146718343
201,19,0.4181458652019501,0.3975289702415466
202,9,0.4211093783378601,0.3969418863455454
202,19,0.4179114103317261,0.3965579271316528
203,9,0.4176686406135559,0.395985225836436
203,19,0.4212357401847839,0.3955933193365732
204,9,0.4034341275691986,0.395010503133138
204,19,0.4015708863735199,0.3946110486984253
205,9,0.4105865061283111,0.3940139154593149
205,19,0.4136474132537842,0.3936202704906463
206,9,0.4082369804382324,0.3930295209089915
206,19,0.402527391910553,0.3926298042138417
207,9,0.4078184366226196,0.3920438865820567
207,19,0.4006375670433044,0.3916563014189402
208,9,0.4097658693790436,0.3910641392072042
208,19,0.4116625189781189,0.3906821191310882
209,9,0.4109397828578949,0.3901057322820028
209,19,0.4010863006114959,0.3897297004858652
210,9,0.4062008857727051,0.3891542275746663
210,19,0.4028735756874084,0.3887704193592071
211,9,0.4213794767856598,0.388192222515742
211,19,0.4197536408901214,0.3878220359484354
212,9,0.403601735830307,0.3872430602709452
212,19,0.4066810011863708,0.3868593394756317
213,9,0.4035996198654175,0.3862866024176279
213,19,0.4051701128482818,0.3859076062838236
214,9,0.3946280777454376,0.3853250165780385
214,19,0.3954510688781738,0.3849455038706461
215,9,0.3990279734134674,0.3843797326087951
215,19,0.3931800127029419,0.3840029120445251
216,9,0.4116373658180237,0.3834423263867696
216,19,0.408223032951355,0.3830686728159586
217,9,0.4057627916336059,0.3825134813785553
217,19,0.4108979701995849,0.3821451226870219
218,9,0.3943021595478058,0.3815794408321381
218,19,0.3820531666278839,0.3811999996503194
219,9,0.4059207439422607,0.3806478242079417
219,19,0.4172950983047485,0.3802865902582804
220,9,0.3891090750694275,0.379730619986852
220,19,0.3957501947879791,0.379345186551412
221,9,0.4038244783878326,0.3787805517514547
221,19,0.3880101442337036,0.3784028132756551
222,9,0.3748149573802948,0.3778406719366709
222,19,0.3810224831104278,0.3774626870950063
223,9,0.3885767161846161,0.3769083738327026
223,19,0.4043869078159332,0.3765452921390533
224,9,0.4001899659633636,0.3759974718093872
224,19,0.3839020133018493,0.3756296634674072
225,9,0.3853353261947632,0.3750770906607309
225,19,0.3841189742088318,0.3747064610322316
226,9,0.3811094760894775,0.3741537849108378
226,19,0.3810849487781524,0.3737872461477915
227,9,0.3972278535366058,0.3732381959756215
227,19,0.3934402167797088,0.3728764911492666
228,9,0.3948430120944977,0.3723464508851369
228,19,0.3854647874832153,0.3719990789890289
229,9,0.3786429166793823,0.371463543176651
229,19,0.3758288919925689,0.371103835105896
230,9,0.3919532597064972,0.3705627938111623
230,19,0.385316789150238,0.3701969981193542
231,9,0.3832269012928009,0.3696561276912689
231,19,0.378684401512146,0.3692994018395741
232,9,0.3859013319015503,0.3687669634819031
232,19,0.3863698840141296,0.3684030652046203
233,9,0.3900197148323059,0.3678601622581482
233,19,0.3834787905216217,0.3675028343995412
234,9,0.3793916404247284,0.3669629255930582
234,19,0.3890150189399719,0.366609650850296
235,9,0.4005282521247864,0.3660740375518799
235,19,0.3884817361831665,0.365717871983846
236,9,0.3895211517810821,0.3651869873205821
236,19,0.3939568698406219,0.3648359735806783
237,9,0.3854599595069885,0.3643104036649068
237,19,0.3787678778171539,0.3639600177605946
238,9,0.3842918872833252,0.3634358247121175
238,19,0.3735278844833374,0.3630820751190186
239,9,0.3825460374355316,0.3625596563021342
239,19,0.3816661238670349,0.3622194667657216
240,9,0.3823373317718506,0.3617006639639537
240,19,0.384795218706131,0.3613564292589823
241,9,0.3758631348609924,0.3608326117197672
241,19,0.3693500459194183,0.3604801535606384
242,9,0.3977611064910888,0.3599593420823415
242,19,0.3802953362464905,0.3596168359120686
243,9,0.3773346245288849,0.3590957204500834
243,19,0.3755199611186981,0.3587478756904602
244,9,0.3713468313217163,0.3582254548867543
244,19,0.3819610774517059,0.3578778704007466
245,9,0.3777550756931305,0.3573541402816772
245,19,0.3730792999267578,0.3569969932238261
246,9,0.3697646856307983,0.3564668893814087
246,19,0.3714290261268616,0.3561153491338094
247,9,0.3769059181213379,0.3555915872255961
247,19,0.3715109825134277,0.3552448372046152
248,9,0.3769986927509308,0.354726097981135
248,19,0.3873624801635742,0.3543861905733744
249,9,0.3695995211601257,0.3538762211799621
249,19,0.3690418601036072,0.3535343925158182
250,9,0.3750904202461242,0.3530234058698018
250,19,0.3729453682899475,0.3526898503303527
251,9,0.3687419593334198,0.3521760741869608
251,19,0.3678069114685058,0.351841535170873
252,9,0.371466189622879,0.3513425409793854
252,19,0.3624451458454132,0.3509963591893514
253,9,0.3673964738845825,0.350475537776947
253,19,0.3659506738185882,0.3501314322153727
254,9,0.3681618869304657,0.3496207853158315
254,19,0.3639304637908935,0.3492780884106954
255,9,0.3700780868530273,0.3487765749295552
255,19,0.3683040738105774,0.348444269100825
256,9,0.353982150554657,0.3479473491509755
256,19,0.3548957705497741,0.3476168473561605
257,9,0.3598679304122925,0.3471140563488006
257,19,0.3631018698215484,0.3467732508977254
258,9,0.3522391319274902,0.346267302831014
258,19,0.3441362380981445,0.3459274053573608
259,9,0.3647263050079345,0.3454202552636464
259,19,0.3643684387207031,0.3450798273086548
260,9,0.3689092993736267,0.3445731282234192
260,19,0.35991171002388,0.344235356648763
261,9,0.365484356880188,0.3437325775623321
261,19,0.3513605892658233,0.3434001962343851
262,9,0.3601937592029571,0.342910764614741
262,19,0.3613779842853546,0.3425818959871928
263,9,0.367055743932724,0.3420896013577779
263,19,0.3762755692005157,0.3417685548464457
264,9,0.3650454878807068,0.3412770748138428
264,19,0.3673782348632812,0.3409446239471435
265,9,0.3570678532123565,0.3404469609260559
265,19,0.3589780330657959,0.3401124775409698
266,9,0.3600078225135803,0.3396117905775705
266,19,0.3553411364555359,0.3392881433169047
267,9,0.3667412400245666,0.3387922783692678
267,19,0.3565904200077057,0.3384648621082305
268,9,0.3519527912139892,0.337978055079778
268,19,0.35234135389328,0.3376502553621928
269,9,0.3511337339878082,0.337165105342865
269,19,0.3491321206092834,0.3368361175060272
270,9,0.346459150314331,0.3363417327404022
270,19,0.350358635187149,0.3360143224398295
271,9,0.3468798995018005,0.3355250080426534
271,19,0.3629340827465057,0.3351960718631744
272,9,0.3394169807434082,0.3347033182779947
272,19,0.337782084941864,0.3343784213066101
273,9,0.3559666872024536,0.3338898301124572
273,19,0.3499740064144134,0.3335600157578786
274,9,0.3651903569698334,0.3330769737561543
274,19,0.3594173789024353,0.3327523648738861
275,9,0.3359597623348236,0.3322773178418477
275,19,0.3477515578269958,0.331951763232549
276,9,0.3486679196357727,0.3314691007137298
276,19,0.3525593280792236,0.3311499814192454
277,9,0.3478428423404693,0.3306695222854614
277,19,0.3465195894241333,0.3303469936052958
278,9,0.353235512971878,0.3298574050267537
278,19,0.3464602530002594,0.3295392413934072
279,9,0.3280400931835174,0.3290603299935659
279,19,0.3430082201957702,0.3287378410498301
280,9,0.3708493113517761,0.3282548348108927
280,19,0.3448801040649414,0.3279377698898315
281,9,0.3345723450183868,0.3274566471576691
281,19,0.3366820216178894,0.3271444916725158
282,9,0.3443059027194977,0.3266680955886841
282,19,0.3322534263134002,0.3263562043507894
283,9,0.3424038290977478,0.3258844673633575
283,19,0.337069422006607,0.3255621214707692
284,9,0.3346805274486542,0.3250844021638234
284,19,0.3263756334781647,0.3247730175654093
285,9,0.3253332674503326,0.3243040025234222
285,19,0.3176122903823852,0.3239893277486165
286,9,0.350420594215393,0.3235232750574747
286,19,0.3486773669719696,0.3232127527395884
287,9,0.3464912474155426,0.3227504094441731
287,19,0.3371971547603607,0.3224428613980611
288,9,0.3357212543487549,0.3219701449076335
288,19,0.3354633748531341,0.3216537674268087
289,9,0.3363105356693268,0.3211863696575164
289,19,0.334638237953186,0.3208782871564229
290,9,0.3487791419029236,0.3204100052515665
290,19,0.342699259519577,0.3201042890548706
291,9,0.3416681289672851,0.3196447928746541
291,19,0.3346471786499023,0.3193282385667165
292,9,0.3328891396522522,0.3188643276691437
292,19,0.3437028527259826,0.3185581028461456
293,9,0.3554426729679107,0.3180960416793823
293,19,0.3441407978534698,0.3177791476249695
294,9,0.3399472236633301,0.3173113564650218
294,19,0.3343177735805511,0.317002789179484
295,9,0.3382262289524078,0.3165316661198934
295,19,0.3447078764438629,0.3162235895792643
296,9,0.3255759179592132,0.3157528539498647
296,19,0.3215289413928985,0.315440708398819
297,9,0.3248817324638366,0.3149786114692688
297,19,0.3210251331329345,0.3146690686543782
298,9,0.3405672013759613,0.314204055070877
298,19,0.3376867771148681,0.3139022290706634
299,9,0.3186879456043243,0.3134515066941579
299,19,0.3208588659763336,0.313139005502065
300,9,0.3298799693584442,0.3126729786396026
300,19,0.3268267512321472,0.3123681624730428
301,9,0.3388708233833313,0.3119052310784658
301,19,0.3326713442802429,0.3115964889526367
302,9,0.3376639783382416,0.3111421744028727
302,19,0.3442391157150268,0.3108353594938914
303,9,0.3186991214752197,0.3103865424791971
303,19,0.3275262713432312,0.3100849628448486
304,9,0.3301463425159454,0.3096367160479227
304,19,0.326142281293869,0.3093409538269043
305,9,0.3319264054298401,0.3088922103246053
305,19,0.3336168825626373,0.3085929870605469
306,9,0.3363049924373626,0.3081524729728698
306,19,0.3375066220760345,0.3078510145346324
307,9,0.3250024616718292,0.3074077785015106
307,19,0.3216719031333923,0.307107001543045
308,9,0.3137514591217041,0.3066623528798421
308,19,0.311115562915802,0.3063585420449575
309,9,0.3196724653244018,0.3059017419815063
309,19,0.3301971852779388,0.3055963019529978
310,9,0.3433052897453308,0.3051398992538452
310,19,0.3435725271701813,0.3048482398192088
311,9,0.3228123188018799,0.3044044117132822
311,19,0.3344602882862091,0.3041082044442494
312,9,0.3189416229724884,0.3036544581254323
312,19,0.3169780969619751,0.3033650934696197
313,9,0.3200916051864624,0.3029236137866974
313,19,0.3168760240077972,0.302623442808787
314,9,0.3293576836585998,0.3021794974803924
314,19,0.330773651599884,0.3018808424472808
315,9,0.3162127435207367,0.3014316936333974
315,19,0.3232307136058807,0.3011328041553497
316,9,0.3258213996887207,0.3006937722365061
316,19,0.3182488679885864,0.3003914912541707
317,9,0.3197508454322815,0.2999430815378824
317,19,0.318833976984024,0.2996509293715159
318,9,0.3063243925571441,0.2992063422997792
318,19,0.3104452192783355,0.2989116350809733
319,9,0.3155732750892639,0.2984725296497345
319,19,0.328510582447052,0.2981849908828735
320,9,0.3100448548793793,0.2977427204449971
320,19,0.3037724792957306,0.297455076376597
321,9,0.3050263822078705,0.2970150748888651
321,19,0.3128876686096191,0.2967197895050049
322,9,0.3069153428077698,0.2962824483712514
322,19,0.3128571510314941,0.2959972222646077
323,9,0.3044182956218719,0.2955581645170848
323,19,0.3099774718284607,0.2952654580275217
324,9,0.3165889680385589,0.2948270042737325
324,19,0.3217913508415222,0.2945377250512441
325,9,0.3031449615955353,0.2941026628017426
325,19,0.2982175648212433,0.2938145597775777
326,9,0.3212846219539642,0.2933835486570994
326,19,0.3126860857009887,0.2930939475695292
327,9,0.3099911510944366,0.2926588853200276
327,19,0.3076797425746918,0.2923714717229207
328,9,0.3108058571815491,0.2919433355331421
328,19,0.3121992647647857,0.2916633129119873
329,9,0.3115251362323761,0.291249285141627
329,19,0.3069734275341034,0.2909651835759481
330,9,0.3052587509155273,0.2905370394388835
330,19,0.3050828576087951,0.2902465919653574
331,9,0.3070797324180603,0.2898188968499501
331,19,0.293126106262207,0.2895300269126892
332,9,0.3030374348163605,0.2890995641549428
332,19,0.2977979481220245,0.2888175268967946
333,9,0.3170698285102844,0.2883858581384023
333,19,0.3185328245162964,0.2880991160869598
334,9,0.3072820007801056,0.2876691500345866
334,19,0.3240449726581573,0.2873863915602366
335,9,0.2857764959335327,0.2869638959566752
335,19,0.2936065793037414,0.2866829554239908
336,9,0.3016447424888611,0.2862675090630849
336,19,0.3091003000736236,0.2859882434209188
337,9,0.2989329695701599,0.2855673511823018
337,19,0.3146723210811615,0.2852931022644043
338,9,0.3006089329719543,0.2848705093065897
338,19,0.29807049036026,0.284593399365743
339,9,0.3024378418922424,0.284160323937734
339,19,0.3070031702518463,0.283878892660141
340,9,0.2923959493637085,0.2834584454695383
340,19,0.2955534160137176,0.2831795215606689
341,9,0.296794593334198,0.2827632268269857
341,19,0.2963952124118805,0.2824879149595896
342,9,0.3047101199626922,0.2820690035820007
342,19,0.3078703284263611,0.2817905803521474
343,9,0.2926904559135437,0.2813712775707245
343,19,0.2871821522712707,0.2810893535614013
344,9,0.31444051861763,0.2806658029556274
344,19,0.2963361740112304,0.2803855061531067
345,9,0.2943493723869324,0.2799641728401184
345,19,0.2957696914672851,0.2796826759974162
346,9,0.3157621026039123,0.2792499800523122
346,19,0.3073738217353821,0.2789739847183227
347,9,0.2956032156944275,0.2785668631394704
347,19,0.2976274490356445,0.2782935678958892
348,9,0.2716427147388458,0.2778809030850728
348,19,0.272534430027008,0.2776019036769866
349,9,0.2938023805618286,0.2771868546803792
349,19,0.2924712002277374,0.2769075989723205
350,9,0.2951192557811737,0.2764952421188354
350,19,0.2973994612693786,0.2762204031149546
351,9,0.2807975709438324,0.2758159379164377
351,19,0.2715310454368591,0.2755383133888244
352,9,0.3012494742870331,0.2751263479391734
352,19,0.3021574020385742,0.2748488922913869
353,9,0.2903418838977813,0.2744428396224975
353,19,0.302506536245346,0.2741744836171468
354,9,0.2878450453281402,0.2737667361895243
354,19,0.2885593473911285,0.2734988311926524
355,9,0.2823705375194549,0.2730948448181152
355,19,0.2944628894329071,0.2728223145008087
356,9,0.2873918712139129,0.2724224249521891
356,19,0.2841180562973022,0.2721487204233805
357,9,0.2689639627933502,0.2717342138290405
357,19,0.2763317227363586,0.2714561601479848
358,9,0.300219178199768,0.271047979593277
358,19,0.2891991138458252,0.270770263671875
359,9,0.2845631837844848,0.2703623652458191
359,19,0.2901272177696228,0.2701008220513661
360,9,0.2923535406589508,0.2697015742460886
360,19,0.2838005125522613,0.2694314777851104
361,9,0.2830336093902588,0.2690289199352264
361,19,0.2907778024673462,0.2687627633412679
362,9,0.3052359819412231,0.2683590412139892
362,19,0.2867016494274139,0.2680855492750804
363,9,0.2854877412319183,0.2676756719748179
363,19,0.2803404033184051,0.2674029231071472
364,9,0.2874079942703247,0.2669966439406077
364,19,0.2824840843677521,0.2667268494764964
365,9,0.2803497314453125,0.2663256287574768
365,19,0.2835373282432556,0.2660630921522776
366,9,0.2779197692871094,0.2656638125578562
366,19,0.2779738306999206,0.265399952729543
367,9,0.290225476026535,0.2650027692317963
367,19,0.293118417263031,0.2647388418515523
368,9,0.2691275179386139,0.2643417000770569
368,19,0.2695918679237366,0.2640727778275807
369,9,0.2672826945781708,0.2636720558007558
369,19,0.2696613371372223,0.2634053667386373
370,9,0.276537150144577,0.2630089521408081
370,19,0.2869048118591308,0.2627501467863719
371,9,0.280662477016449,0.2623629172643025
371,19,0.2843737006187439,0.2621051867802937
372,9,0.2730654180049896,0.2617096106211344
372,19,0.2668771147727966,0.2614440520604451
373,9,0.2767992913722992,0.2610458334287007
373,19,0.2755178213119507,0.2607879598935445
374,9,0.2777710855007171,0.2603967030843099
374,19,0.2798218131065368,0.2601367890834808
375,9,0.295701116323471,0.2597422560056051
375,19,0.2878473699092865,0.2594783206780751
376,9,0.2631328403949737,0.2590839823087056
376,19,0.2659690976142883,0.2588202973206838
377,9,0.2729091346263885,0.2584309597810109
377,19,0.2748289108276367,0.2581749618053436
378,9,0.2813389301300049,0.2577895224094391
378,19,0.2732098996639251,0.2575355172157287
379,9,0.2748245000839233,0.2571507811546326
379,19,0.27060067653656,0.2569032629330953
380,9,0.2742789387702942,0.2565169811248779
380,19,0.2645081281661987,0.2562652806440989
381,9,0.2689179182052612,0.2558731655279795
381,19,0.2676253318786621,0.2556167483329773
382,9,0.2811592817306518,0.2552269617716471
382,19,0.2722324728965759,0.254965607325236
383,9,0.270208477973938,0.2545810619990031
383,19,0.2755967080593109,0.2543282667795817
384,9,0.2805932760238647,0.2539449433485667
384,19,0.2804542183876037,0.2536906361579895
385,9,0.2707670331001282,0.2533076226711273
385,19,0.274038165807724,0.2530523816744486
386,9,0.2544918358325958,0.2526705026626586
386,19,0.2556672096252441,0.2524143993854523
387,9,0.269646018743515,0.2520418206850687
387,19,0.2703389823436737,0.2517817477385203
388,9,0.2837100625038147,0.2514044304688771
388,19,0.282023161649704,0.251152898867925
389,9,0.2591800689697265,0.2507789572079976
389,19,0.2492426335811615,0.2505242784818013
390,9,0.264534443616867,0.2501438011725743
390,19,0.2654796242713928,0.2498920838038126
391,9,0.2633346021175384,0.2495100130637486
391,19,0.2669795155525207,0.249259399374326
392,9,0.2653162777423858,0.2488821854194005
392,19,0.2758917510509491,0.2486340115467707
393,9,0.280615746974945,0.2482630759477615
393,19,0.2652440071105957,0.2480157067378362
394,9,0.2596906125545501,0.2476389795541763
394,19,0.249566838145256,0.2473836143811544
395,9,0.2714965343475342,0.2470017284154892
395,19,0.2559664249420166,0.2467483739058176
396,9,0.2570760846138,0.2463637471199035
396,19,0.2569558322429657,0.2461093515157699
397,9,0.2450698465108871,0.2457346200942993
397,19,0.2554929554462433,0.2454895993073781
398,9,0.260064959526062,0.2451194683710734
398,19,0.2639719545841217,0.2448717921972275
399,9,0.2678824067115783,0.2445040186246236
399,19,0.26947021484375,0.2442570527394612
400,9,0.2457324117422104,0.243887381752332
400,19,0.2476159185171127,0.2436407337586085
401,9,0.2593518495559692,0.2432717045148213
401,19,0.2559160888195038,0.2430242796738942
402,9,0.2526809573173523,0.242655129233996
402,19,0.2549924850463867,0.2424100875854492
403,9,0.2635781764984131,0.2420367807149887
403,19,0.2533124387264251,0.2417991598447164
404,9,0.2534767687320709,0.2414336740970611
404,19,0.2562277615070343,0.2411877046028773
405,9,0.2577188014984131,0.2408191055059433
405,19,0.2590587437152862,0.2405714909235636
406,9,0.24406199157238,0.2402023573716481
406,19,0.252232551574707,0.2399532695611318
407,9,0.2417733073234558,0.2395910819371541
407,19,0.2398219406604766,0.2393471290667851
408,9,0.2503483295440674,0.2389782855908076
408,19,0.2501398622989654,0.2387322982152303
409,9,0.2518137991428375,0.2383716136217117
409,19,0.2587383985519409,0.2381257643302281
410,9,0.2644275724887848,0.2377626647551854
410,19,0.2553825378417969,0.2375210265318552
411,9,0.2564523816108703,0.2371616681416829
411,19,0.2514409720897674,0.2369204103946685
412,9,0.2608015537261963,0.2365553458531697
412,19,0.2628349065780639,0.2363147447506586
413,9,0.2508511841297149,0.2359531432390213
413,19,0.2484297305345535,0.2357159594694773
414,9,0.2542222738265991,0.2353556046883265
414,19,0.2505328953266144,0.2351149280865987
415,9,0.2581026554107666,0.2347560842831929
415,19,0.2621473968029022,0.2345173011223475
416,9,0.2587542533874511,0.2341622869173685
416,19,0.2473826706409454,0.2339271088441213
417,9,0.2523583769798279,0.2335724214712778
417,19,0.2636668682098388,0.2333380540211995
418,9,0.2425395995378494,0.2329864591360092
418,19,0.2473621517419815,0.2327524115641912
419,9,0.2529214322566986,0.2323993861675262
419,19,0.2476581037044525,0.2321595142285029
420,9,0.2500921487808227,0.2318004588286082
420,19,0.259691447019577,0.2315653930107752
421,9,0.2531098425388336,0.2312094092369079
421,19,0.2498361617326736,0.2309774806102117
422,9,0.2572329640388489,0.2306171139081319
422,19,0.248518630862236,0.2303783337275187
423,9,0.2446684092283249,0.2300262252489725
423,19,0.2512198686599731,0.2297876924276352
424,9,0.2434078752994537,0.2294342617193857
424,19,0.2454877197742462,0.2291964332262675
425,9,0.237641230225563,0.228844744960467
425,19,0.2422724813222885,0.2286100635925928
426,9,0.2400674968957901,0.2282701303561528
426,19,0.2445666640996933,0.2280421018600464
427,9,0.2508468627929687,0.2276953756809234
427,19,0.2449616640806198,0.2274678508440653
428,9,0.2570535242557525,0.227127319574356
428,19,0.2556565403938293,0.2269046753644943
429,9,0.2267471253871917,0.2265592008829116
429,19,0.2354951351881027,0.2263268262147903
430,9,0.2455253303050995,0.225975348552068
430,19,0.2404736429452896,0.2257394939661026
431,9,0.2341726273298263,0.2253892948230107
431,19,0.2386441081762313,0.225156349937121
432,9,0.235348492860794,0.2248128364483515
432,19,0.2372806966304779,0.2245852202177047
433,9,0.2289753705263137,0.2242435346047083
433,19,0.2279914170503616,0.2240168184041976
434,9,0.2385255247354507,0.2236750880877177
434,19,0.2459852248430252,0.223450298110644
435,9,0.2414154708385467,0.223104590177536
435,19,0.2397910505533218,0.2228826989730199
436,9,0.2539684474468231,0.2225482046604156
436,19,0.2408791184425354,0.2223224769035975
437,9,0.2324473112821579,0.2219792366027832
437,19,0.224803626537323,0.22174687286218
438,9,0.2280900329351425,0.2214044471581777
438,19,0.2179865390062332,0.2211842685937881
439,9,0.2391045689582824,0.2208545049031575
439,19,0.2362174689769745,0.2206299553314844
440,9,0.2402984052896499,0.2202948411305745
440,19,0.2413624227046966,0.2200712809960047
441,9,0.2267241030931472,0.2197389503320058
441,19,0.2287904173135757,0.2195157587528228
442,9,0.2398053854703903,0.2191823224226633
442,19,0.2513352334499359,0.2189583996931711
443,9,0.219023585319519,0.2186236868302027
443,19,0.2165956944227218,0.21840527455012
444,9,0.2163258194923401,0.2180702477693557
444,19,0.2137255817651748,0.2178498407204946
445,9,0.2355289012193679,0.2175217807292938
445,19,0.2317394465208053,0.2173020978768666
446,9,0.2323863059282302,0.2169705331325531
446,19,0.2299337983131408,0.2167457451423009
447,9,0.2358891069889068,0.216411746541659
447,19,0.2359143942594528,0.2161934047937393
448,9,0.2409560680389404,0.2158640891313553
448,19,0.2300747483968734,0.2156394143899281
449,9,0.2285862118005752,0.2153038223584493
449,19,0.2315744310617447,0.2150838375091552
450,9,0.2216176688671112,0.2147584368785222
450,19,0.2205780148506164,0.214536299308141
451,9,0.2308906465768814,0.2142107745011647
451,19,0.2378379851579666,0.2139895290136337
452,9,0.226548284292221,0.2136647522449493
452,19,0.2255525738000869,0.2134427239497502
453,9,0.2320768982172012,0.213118169705073
453,19,0.2247587293386459,0.2129051297903061
454,9,0.2187146991491317,0.2125824968020121
454,19,0.228403240442276,0.2123713145653406
455,9,0.2310694903135299,0.2120493412017822
455,19,0.233991727232933,0.2118375460306803
456,9,0.2327040731906891,0.2115213414033254
456,19,0.2232564836740493,0.2113052477439244
457,9,0.2126246690750122,0.2109886715809504
457,19,0.212568923830986,0.2107768982648849
458,9,0.2283746153116226,0.2104574094216028
458,19,0.224835991859436,0.2102397630612055
459,9,0.2230750769376754,0.209915695587794
459,19,0.2205196171998977,0.2096971650918324
460,9,0.2190228104591369,0.2093760540088017
460,19,0.2307799607515335,0.2091634492079417
461,9,0.2206903398036956,0.208843982219696
461,19,0.2146124094724655,0.208629568417867
462,9,0.2346261143684387,0.2083039184411367
462,19,0.232239082455635,0.2080903510252634
463,9,0.2194112241268158,0.2077691992123921
463,19,0.2105792462825775,0.2075597027937571
464,9,0.2175443172454834,0.2072474797566731
464,19,0.2141003757715225,0.2070354213317235
465,9,0.2114821821451187,0.2067232400178909
465,19,0.2222766578197479,0.2065133223930994
466,9,0.2191597074270248,0.2061968942483266
466,19,0.2083464860916137,0.2059908827145894
467,9,0.2205685824155807,0.2056777467330297
467,19,0.2214803695678711,0.2054705093304316
468,9,0.2049421817064285,0.2051627337932586
468,19,0.2053070813417434,0.204951544602712
469,9,0.2156086266040802,0.204640257358551
469,19,0.2115853279829025,0.2044334789117177
470,9,0.2196110635995865,0.2041203558444976
470,19,0.2201999127864837,0.2039097964763641
471,9,0.2178556621074676,0.2035956184069315
471,19,0.2206349521875381,0.2033906459808349
472,9,0.2257357537746429,0.2030762275060018
472,19,0.2124813497066497,0.2028687834739685
473,9,0.2144572138786316,0.2025578598181406
473,19,0.2221805453300476,0.202350977063179
474,9,0.2099702209234237,0.2020495812098185
474,19,0.2228932976722717,0.2018417288859685
475,9,0.2265957295894622,0.2015291502078374
475,19,0.2202204912900924,0.2013221114873886
476,9,0.2159619182348251,0.2010166198015213
476,19,0.2086784392595291,0.2008170505364735
477,9,0.2194388806819915,0.2005160689353942
477,19,0.2116786688566208,0.2003132432699203
478,9,0.2220856696367263,0.200010668238004
478,19,0.2157703340053558,0.1998066971699396
479,9,0.226257711648941,0.1995033681392669
479,19,0.2170389294624328,0.1993062595526377
480,9,0.2183728814125061,0.1990001191695531
480,19,0.2060753256082534,0.1987989922364552
481,9,0.2114936411380767,0.1984989156325658
481,19,0.209365889430046,0.1982964058717091
482,9,0.2194239944219589,0.1979941586653391
482,19,0.2156525999307632,0.1977931420008341
483,9,0.2177078425884246,0.197490131855011
483,19,0.2188758999109268,0.1972876121600469
484,9,0.2046802043914795,0.1969795018434524
484,19,0.2061624825000763,0.1967749893665313
485,9,0.2030404806137085,0.1964776068925857
485,19,0.2034499794244766,0.1962799886862437
486,9,0.2007861882448196,0.1959880491097768
486,19,0.2051251530647277,0.1957970609267552
487,9,0.2049763053655624,0.1955022553602854
487,19,0.2072424292564392,0.1953114112218221
488,9,0.2097086161375045,0.1950208276510238
488,19,0.2166662365198135,0.1948299348354339
489,9,0.2078160345554351,0.1945387254158656
489,19,0.2078271210193634,0.1943420598904292
490,9,0.1890888959169387,0.19405051668485
490,19,0.2077106833457946,0.1938527196645736
491,9,0.2157693952322006,0.1935590763886769
491,19,0.2139779925346374,0.1933645109335581
492,9,0.2020964473485946,0.1930724084377288
492,19,0.2031145691871643,0.1928810030221939
493,9,0.2204865217208862,0.1925870954990386
493,19,0.2163635194301605,0.1923893759648005
494,9,0.217802882194519,0.1920967668294906
494,19,0.2292883694171905,0.1919019609689712
495,9,0.2041535675525665,0.1916092773278554
495,19,0.2003224045038223,0.1914186755816141
496,9,0.2040599733591079,0.1911325971285502
496,19,0.2005743682384491,0.1909390201171239
497,9,0.1894059181213379,0.1906455854574839
497,19,0.1934425979852676,0.1904566874106725
498,9,0.1901888400316238,0.1901690195004145
498,19,0.1985505819320678,0.1899786492188771
499,9,0.192688912153244,0.1896911819775899
499,19,0.2158600389957428,0.1895005683104197
500,9,0.2025865465402603,0.1892115145921707
500,19,0.2000194042921066,0.1890200028816858
501,9,0.2137532830238342,0.188734898964564
501,19,0.2181717604398727,0.1885363032420476
502,9,0.2093958407640457,0.1882425437370936
502,19,0.2011216729879379,0.188055137793223
503,9,0.2116592973470688,0.1877655287583669
503,19,0.2117207050323486,0.1875696122646331
504,9,0.2055628895759582,0.1872811317443847
504,19,0.1894602179527282,0.1870905617872874
505,9,0.2031640708446502,0.1868021706740061
505,19,0.2097353339195251,0.186614657441775
506,9,0.19979989528656,0.1863308936357498
506,19,0.1995954811573028,0.1861454486846923
507,9,0.1959632933139801,0.1858677019675572
507,19,0.1919590234756469,0.1856875876585642
508,9,0.2127962857484817,0.185408799846967
508,19,0.2091729789972305,0.1852184166510899
509,9,0.1874762177467346,0.1849380493164062
509,19,0.1894207894802093,0.1847529679536819
510,9,0.2085516601800918,0.1844767282406489
510,19,0.2009996473789215,0.1842931052049001
511,9,0.1937368512153625,0.1840136537949244
511,19,0.1969833225011825,0.1838265339533488
512,9,0.1997166872024536,0.1835436185201009
512,19,0.2043666839599609,0.1833544204632441
513,9,0.1827354878187179,0.183074356118838
513,19,0.1871964782476425,0.1828915695349375
514,9,0.1919227242469787,0.182622096935908
514,19,0.1794115453958511,0.1824416210254033
515,9,0.2000671774148941,0.182172088821729
515,19,0.1866613775491714,0.1819886157910029
516,9,0.1936669796705246,0.1817217330137888
516,19,0.2005471289157867,0.1815416405598322
517,9,0.1992731839418411,0.18126902282238
517,19,0.2019213438034057,0.1810858190059661
518,9,0.2031210362911224,0.1808158030112584
518,19,0.1997179687023162,0.1806294620037078
519,9,0.1822048127651214,0.1803556442260742
519,19,0.1843162178993225,0.1801726996898651
520,9,0.1957127451896667,0.1799031684796015
520,19,0.1963359117507934,0.1797243922948837
521,9,0.1853196620941162,0.1794541090726852
521,19,0.1901499927043914,0.179274899760882
522,9,0.1927185803651809,0.1790059516827265
522,19,0.1940976828336715,0.1788276334603627
523,9,0.1998236030340194,0.1785604874293009
523,19,0.1912368983030319,0.178377816081047
524,9,0.1961631625890731,0.1781079441308975
524,19,0.1980296373367309,0.1779224673906962
525,9,0.1918331384658813,0.1776488095521927
525,19,0.1910163015127182,0.1774683932463328
526,9,0.187700867652893,0.1771974662939707
526,19,0.1934269964694976,0.1770194699366887
527,9,0.1857673823833465,0.1767540514469146
527,19,0.1837386786937713,0.1765746126572291
528,9,0.1964497417211532,0.1763098418712615
528,19,0.2103528529405594,0.1761307458082835
529,9,0.1739254742860794,0.1758687794208526
529,19,0.1815995275974273,0.1756966571013132
530,9,0.1780128926038742,0.1754438688357671
530,19,0.1815811693668365,0.1752704868714014
531,9,0.1705770790576934,0.1750083307425181
531,19,0.1755716800689697,0.1748375833034515
532,9,0.1872047632932663,0.1745754212141037
532,19,0.1907364130020141,0.1743985156218211
533,9,0.1798266768455505,0.1741421798865
533,19,0.1835392713546753,0.1739732136329015
534,9,0.1901505291461944,0.1737188249826431
534,19,0.19001305103302,0.1735444009304046
535,9,0.2020744234323501,0.1732825289169947
535,19,0.1993827521800995,0.1731041491031646
536,9,0.1650840044021606,0.1728405515352885
536,19,0.1652756482362747,0.1726743956406911
537,9,0.1775257587432861,0.1724204272031784
537,19,0.1772253960371017,0.1722532361745834
538,9,0.1823315471410751,0.171997074286143
538,19,0.1891027688980102,0.171820718050003
539,9,0.1813941001892089,0.1715594261884689
539,19,0.1856718957424163,0.171388378739357
540,9,0.184382826089859,0.1711381882429123
540,19,0.1933025121688842,0.1709699253241221
541,9,0.1939186751842498,0.1707168002923329
541,19,0.1845600754022598,0.1705445329348246
542,9,0.1926079094409942,0.1702958951393763
542,19,0.1858317852020263,0.1701319883267084
543,9,0.1837406754493713,0.1698828419049581
543,19,0.1827174723148346,0.1697108060121536
544,9,0.1824326068162918,0.1694596310456594
544,19,0.1752611547708511,0.1692926029364268
545,9,0.1810261458158493,0.1690372695525487
545,19,0.1843953430652618,0.1688665648301442
546,9,0.1726743727922439,0.1686129162708918
546,19,0.1693854182958603,0.1684494783480962
547,9,0.1848810166120529,0.1681948592265447
547,19,0.179037719964981,0.1680273711681366
548,9,0.1836129277944564,0.1677749216556549
548,19,0.1868998855352401,0.1676082183917363
549,9,0.1809054017066955,0.1673572053511937
549,19,0.1882814466953277,0.1671908438205719
550,9,0.1632885336875915,0.1669470856587092
550,19,0.1739727854728698,0.1667824427286784
551,9,0.1861715912818908,0.1665418883164723
551,19,0.1766882538795471,0.1663763721783956
552,9,0.1713260114192962,0.1661282132069269
552,19,0.178854614496231,0.1659700443347295
553,9,0.1743540614843368,0.1657313952843348
553,19,0.1785034090280532,0.1655720839897791
554,9,0.1667240709066391,0.1653324246406555
554,19,0.171422004699707,0.1651742229859034
555,9,0.1809376329183578,0.1649330844481786
555,19,0.1822004914283752,0.1647777875264485
556,9,0.1834321022033691,0.1645413120587666
556,19,0.1749804019927978,0.1643818606932958
557,9,0.1784457117319107,0.1641437908013661
557,19,0.1866856813430786,0.1639733165502548
558,9,0.1711203008890152,0.1637240827083587
558,19,0.1738472133874893,0.1635626256465912
559,9,0.1716960966587066,0.1633217374483744
559,19,0.1761081516742706,0.1631632775068283
560,9,0.1902554631233215,0.1629152476787567
560,19,0.1995550096035003,0.1627455860376358
561,9,0.1705233752727508,0.1624979436397552
561,19,0.1714462339878082,0.1623373121023178
562,9,0.1682510673999786,0.1620974113543828
562,19,0.1699760258197784,0.1619445820649465
563,9,0.1675112396478653,0.1617110510667165
563,19,0.1688789278268814,0.1615544736385345
564,9,0.1772694289684295,0.1613180170456568
564,19,0.1835221946239471,0.1611515343189239
565,9,0.1770880222320556,0.1609015136957168
565,19,0.1777696460485458,0.1607412944237391
566,9,0.1864380240440368,0.1605039358139038
566,19,0.1895501464605331,0.1603357374668121
567,9,0.1725288927555084,0.1600829074780146
567,19,0.1830828338861465,0.1599249442418416
568,9,0.1757562607526779,0.1596859474976857
568,19,0.1758275330066681,0.1595284263292948
569,9,0.1695145815610885,0.1592922965685526
569,19,0.1780082285404205,0.1591352532307307
570,9,0.1796587854623794,0.1588976631561915
570,19,0.1797938644886016,0.1587385435899098
571,9,0.1795852184295654,0.1585003981987635
571,19,0.1717935800552368,0.1583410739898681
572,9,0.1705509424209594,0.158106039961179
572,19,0.1699008643627166,0.1579502046108246
573,9,0.1663884222507476,0.1577201704184214
573,19,0.1705002635717392,0.1575695286194483
574,9,0.1719537377357483,0.1573395431041717
574,19,0.1702583879232406,0.1571846336126327
575,9,0.1682313680648803,0.1569550385077794
575,19,0.158813938498497,0.1568048268556595
576,9,0.1701020747423172,0.156580035885175
576,19,0.172252282500267,0.1564332654078801
577,9,0.1816187798976898,0.1562056928873062
577,19,0.1746541857719421,0.1560479402542114
578,9,0.1626834273338318,0.1558176557223002
578,19,0.1652378439903259,0.1556675901015599
579,9,0.1668165028095245,0.1554354180892308
579,19,0.1654457300901413,0.155281521876653
580,9,0.160644844174385,0.1550575415293375
580,19,0.1630636602640152,0.15490576227506
581,9,0.1722223162651062,0.1546771019697189
581,19,0.1723631918430328,0.1545246203740437
582,9,0.1583586931228637,0.1543039431174596
582,19,0.1602836549282074,0.1541539410750071
583,9,0.1599967628717422,0.1539319316546122
583,19,0.1553922593593597,0.1537876824537913
584,9,0.166430115699768,0.1535671879847844
584,19,0.1600945889949798,0.1534216304620107
585,9,0.1686672121286392,0.1532069067160288
585,19,0.1645980775356292,0.1530580560366312
586,9,0.1551669836044311,0.1528365383545557
586,19,0.1508048921823501,0.152694151798884
587,9,0.1574963480234146,0.1524811764558156
587,19,0.1613307893276214,0.1523388355970382
588,9,0.1684362292289734,0.152122363448143
588,19,0.1668454855680465,0.1519823133945465
589,9,0.1704937815666198,0.1517641872167587
589,19,0.1627876311540603,0.1516199539105097
590,9,0.1550130993127823,0.1514043351014455
590,19,0.1565338224172592,0.1512625763813654
591,9,0.1575271785259246,0.151044895251592
591,19,0.1557104289531707,0.1508965045213699
592,9,0.1549504399299621,0.1506773293018341
592,19,0.1666295826435089,0.1505338698625564
593,9,0.1516138166189193,0.1503145744403203
593,19,0.1509235799312591,0.150170749425888
594,9,0.1625010818243026,0.1499575545390447
594,19,0.1528157293796539,0.1498176246881485
595,9,0.1469458043575287,0.149604399005572
595,19,0.1509642899036407,0.1494620045026143
596,9,0.1620489358901977,0.1492491563161214
596,19,0.1567927449941635,0.1491074383258819
597,9,0.1607479602098465,0.1488911797602971
597,19,0.1528755724430084,0.1487455864747365
598,9,0.1575239896774292,0.1485217372576395
598,19,0.1641681045293808,0.1483742783466975
599,9,0.1629622429609298,0.1481607248385747
599,19,0.1579688042402267,0.1480194389820099
600,9,0.1494793444871902,0.1478057533502578
600,19,0.1509267091751098,0.1476683845122655
601,9,0.1606556922197342,0.1474601864814758
601,19,0.1632714420557022,0.1473173568646113
602,9,0.1513126045465469,0.1471067637205124
602,19,0.1537236422300338,0.1469684898853302
603,9,0.141360729932785,0.146752667427063
603,19,0.1585726141929626,0.1466140041748682
604,9,0.1598381698131561,0.1464068740606308
604,19,0.1542720049619674,0.146266425649325
605,9,0.1674332469701767,0.1460532675186793
605,19,0.1613165438175201,0.1459132432937622
606,9,0.1561460196971893,0.1457031726837158
606,19,0.163144052028656,0.1455632438262303
607,9,0.1559707820415496,0.1453521281480789
607,19,0.1728053092956543,0.1452110032240549
608,9,0.1502068191766739,0.1449979315201441
608,19,0.1456485092639923,0.1448609908421834
609,9,0.1478781402111053,0.1446625808874766
609,19,0.1397307962179184,0.1445314029852549
610,9,0.1629616916179657,0.14433087905248
610,19,0.1504213362932205,0.1441947648922602
611,9,0.1455130279064178,0.1439917802810669
611,19,0.1499482095241546,0.1438621898492177
612,9,0.1589286923408508,0.1436669766902923
612,19,0.1548078507184982,0.1435322999954223
613,9,0.156537652015686,0.1433242271343867
613,19,0.1421249806880951,0.1431852767864863
614,9,0.1525952219963073,0.1429778486490249
614,19,0.1480527371168136,0.1428434123595555
615,9,0.1653424203395843,0.1426412423451741
615,19,0.1510811746120453,0.1425087700287501
616,9,0.1456927359104156,0.1423087338606516
616,19,0.1526040434837341,0.1421738555034001
617,9,0.1465969383716583,0.1419711629549662
617,19,0.1484933495521545,0.1418401618798573
618,9,0.1371311843395233,0.1416378825902939
618,19,0.1394551992416381,0.1415085434913635
619,9,0.1608658134937286,0.1413138300180435
619,19,0.1686493903398513,0.141174699862798
620,9,0.1592814475297927,0.1409619092941284
620,19,0.1593869179487228,0.1408187915881474
621,9,0.1503106653690338,0.1406147201855977
621,19,0.1472635716199875,0.1404782434304555
622,9,0.1571180075407028,0.1402741104364395
622,19,0.1597042977809906,0.1401411056518554
623,9,0.1366437077522277,0.1399453858534495
623,19,0.132597416639328,0.1398147275050481
624,9,0.1478157341480255,0.1396184513966242
624,19,0.153486430644989,0.1394815365473429
625,9,0.1383043378591537,0.139286599556605
625,19,0.1410169601440429,0.1391583412885665
626,9,0.1775324046611786,0.1389621744553248
626,19,0.1641081720590591,0.1388243476549784
627,9,0.134022906422615,0.1386173188686371
627,19,0.1295120567083358,0.1384850641091664
628,9,0.1370042711496353,0.138293566306432
628,19,0.1417081207036972,0.1381669302781422
629,9,0.1448615342378616,0.1379786392052968
629,19,0.1420363783836364,0.1378523141145706
630,9,0.1475273370742797,0.1376639654239018
630,19,0.1378742009401321,0.1375415325164795
631,9,0.1538059115409851,0.137350778778394
631,19,0.1632636934518814,0.1372167944908142
632,9,0.1580028682947158,0.1370161940654118
632,19,0.1464665681123733,0.1368862529595693
633,9,0.1581811606884002,0.1366916388273239
633,19,0.1530923545360565,0.1365587373574574
634,9,0.1589920222759246,0.1363599399725596
634,19,0.1676953285932541,0.1362243016560872
635,9,0.141269564628601,0.1360250165065129
635,19,0.1482738405466079,0.1358982016642888
636,9,0.1500095576047897,0.1357055177291234
636,19,0.1522257030010223,0.1355738967657089
637,9,0.1515441387891769,0.1353732198476791
637,19,0.1515384018421173,0.1352434545755386
638,9,0.1520647406578064,0.1350488990545272
638,19,0.1479501873254776,0.1349175522724787
639,9,0.1542945653200149,0.1347232689460118
639,19,0.1521879881620407,0.1345948994159698
640,9,0.1330079734325409,0.1344049801429112
640,19,0.1480429470539093,0.1342824737230936
641,9,0.1432134062051773,0.1340968996286392
641,19,0.1423574835062027,0.1339742829402287
642,9,0.1521758437156677,0.1337940176328023
642,19,0.1454652547836303,0.1336713075637817
643,9,0.1435804069042205,0.1334821701049804
643,19,0.1419358551502227,0.1333562095959981
644,9,0.1351947784423828,0.133167760570844
644,19,0.1333130896091461,0.1330473045508066
645,9,0.1387398988008499,0.1328685810168584
645,19,0.1412867903709411,0.1327488203843434
646,9,0.1452797204256057,0.1325658430655797
646,19,0.140438050031662,0.1324439297119776
647,9,0.1310854107141494,0.1322622269392013
647,19,0.1233799159526825,0.132144167025884
648,9,0.1533767580986023,0.1319629083077113
648,19,0.1383338272571563,0.1318403363227844
649,9,0.1307547688484192,0.1316557745138804
649,19,0.1432993710041046,0.1315334330002467
650,9,0.1404894888401031,0.1313515335321426
650,19,0.1392103731632232,0.1312279760837555
651,9,0.1409613043069839,0.1310455977916717
651,19,0.149008646607399,0.1309247106313705
652,9,0.1375836879014969,0.1307473828395207
652,19,0.1325555592775344,0.1306325793266296
653,9,0.1375294476747512,0.1304544488588969
653,19,0.1328568458557129,0.1303339689970016
654,9,0.136978805065155,0.1301572064558665
654,19,0.1335189342498779,0.1300405939420064
655,9,0.1365659534931183,0.1298606733481089
655,19,0.1372354626655578,0.1297377457221349
656,9,0.1328810155391693,0.129553285241127
656,19,0.1410419642925262,0.1294322977463404
657,9,0.143123373389244,0.1292481958866119
657,19,0.1418676674365997,0.1291196753581364
658,9,0.134613886475563,0.1289325773715973
658,19,0.1419595777988433,0.1288101295630137
659,9,0.1478172391653061,0.1286322037378947
659,19,0.1506761014461517,0.1285141269365946
660,9,0.1348221004009246,0.1283362686634063
660,19,0.137847363948822,0.1282182057698567
661,9,0.1441949754953384,0.1280414581298828
661,19,0.1473103463649749,0.1279190848271052
662,9,0.1377716213464737,0.1277365823586781
662,19,0.1344121992588043,0.127618717153867
663,9,0.1251074373722076,0.1274455487728119
663,19,0.1281216740608215,0.1273282597462336
664,9,0.134235993027687,0.1271604349215825
664,19,0.1326308995485305,0.127045726776123
665,9,0.1518518775701522,0.1268728186686833
665,19,0.1462663263082504,0.1267581542332967
666,9,0.1369280815124511,0.126587309439977
666,19,0.1341693997383117,0.126476111014684
667,9,0.1452839374542236,0.1262993564208348
667,19,0.1391725689172744,0.1261778016885121
668,9,0.1268002688884735,0.1259988884131113
668,19,0.1239267736673355,0.1258825043837229
669,9,0.1319003850221634,0.1257112354040145
669,19,0.1335747390985489,0.1255959033966064
670,9,0.1319787800312042,0.1254217018683751
670,19,0.138222649693489,0.1253047128518422
671,9,0.138399064540863,0.1251332551240921
671,19,0.1346837729215622,0.125017895301183
672,9,0.1354329288005828,0.1248447795708974
672,19,0.1211108714342117,0.1247325201829274
673,9,0.1388357132673263,0.124564304947853
673,19,0.1349867284297943,0.1244494160016377
674,9,0.1259034574031829,0.1242776165405909
674,19,0.1264700144529342,0.1241683969895044
675,9,0.130619928240776,0.1240071455637614
675,19,0.1219173371791839,0.1238966951767603
676,9,0.1354030966758728,0.1237341543038686
676,19,0.1291432231664657,0.1236274460951487
677,9,0.1357248276472091,0.1234608983000119
677,19,0.13290935754776,0.1233462199568748
678,9,0.1299396306276321,0.1231742387016614
678,19,0.1272793859243393,0.1230625207225481
679,9,0.1293945461511612,0.1228946551680564
679,19,0.1306495070457458,0.122782685359319
680,9,0.1370889544486999,0.1226141254107157
680,19,0.1256507635116577,0.122506516178449
681,9,0.1259185969829559,0.1223416725794474
681,19,0.1239441931247711,0.1222341736157735
682,9,0.1229803264141082,0.1220753262440363
682,19,0.1179897487163543,0.1219703952471415
683,9,0.1442680358886718,0.1218089178204536
683,19,0.1450532376766204,0.1216939603288968
684,9,0.1294893771409988,0.1215219716231028
684,19,0.1362053304910659,0.121409390370051
685,9,0.1377576440572738,0.1212410941720008
685,19,0.1418653726577758,0.1211272835731506
686,9,0.1246352940797805,0.1209570854902267
686,19,0.1344629228115081,0.1208409741520881
687,9,0.1337917298078537,0.1206767320632934
687,19,0.1339277476072311,0.1205659682552019
688,9,0.1222090125083923,0.120399405558904
688,19,0.1262136995792389,0.1202937612930933
689,9,0.1398585736751556,0.1201356083154678
689,19,0.1277797371149063,0.120025385916233
690,9,0.1259626448154449,0.1198620349168777
690,19,0.1270072013139724,0.1197539711991945
691,9,0.125907301902771,0.1195960228641827
691,19,0.125683307647705,0.1194877728819847
692,9,0.1323137432336807,0.1193252782026926
692,19,0.1551571786403656,0.1192134901881218
693,9,0.1347094476222992,0.1190420220295588
693,19,0.125545248389244,0.1189254934589068
694,9,0.1369726955890655,0.1187560473879178
694,19,0.1236261650919914,0.1186469291647275
695,9,0.1339189410209655,0.1184852242469787
695,19,0.1279770582914352,0.1183840547998746
696,9,0.1448934525251388,0.1182261933883031
696,19,0.1327167153358459,0.1181226203838984
697,9,0.1193145662546157,0.1179662510752677
697,19,0.1188183203339576,0.1178619429469108
698,9,0.1398646831512451,0.1177051176627477
698,19,0.1290567964315414,0.11760147412618
699,9,0.1228515058755874,0.1174443046251932
699,19,0.1228842735290527,0.1173383519053459
700,9,0.1193543896079063,0.1171839743852615
700,19,0.1234600692987442,0.1170835097630818
701,9,0.122502900660038,0.1169303392370541
701,19,0.1156940758228302,0.1168306370576222
702,9,0.1305204182863235,0.1166772569219271
702,19,0.1370164602994918,0.1165757402777671
703,9,0.1182018294930458,0.1164196898539861
703,19,0.1277330964803695,0.1163187637925148
704,9,0.1352859288454055,0.1161615366737047
704,19,0.1305508911609649,0.1160596907138824
705,9,0.1209347918629646,0.1159047186374664
705,19,0.1283944547176361,0.1157962615291277
706,9,0.1231699958443641,0.1156367525458335
706,19,0.1212144047021865,0.1155366212129593
707,9,0.1211031600832939,0.1153819863994916
707,19,0.1264644414186477,0.115276330212752
708,9,0.1126958280801773,0.1151236047347386
708,19,0.1147468388080596,0.1150247986117998
709,9,0.1172937005758285,0.1148732215166092
709,19,0.1278015077114105,0.114770304163297
710,9,0.1255742460489273,0.1146161864201227
710,19,0.1284835189580917,0.1145183250308036
711,9,0.1178818121552467,0.1143725256125132
711,19,0.1121934801340103,0.1142754877607027
712,9,0.1245679855346679,0.1141288459300994
712,19,0.1301970183849334,0.1140306949615478
713,9,0.1122844144701957,0.1138780603806177
713,19,0.1347264498472213,0.1137798890471458
714,9,0.1194541901350021,0.1136305163304011
714,19,0.1261588931083679,0.1135325854023297
715,9,0.1120790392160415,0.1133854647477467
715,19,0.1156036779284477,0.113288181523482
716,9,0.1198812276124954,0.1131468087434768
716,19,0.1145028620958328,0.1130520035823186
717,9,0.121223896741867,0.1129033237695694
717,19,0.122858740389347,0.1128014668822288
718,9,0.1032735407352447,0.1126492008566856
718,19,0.1156738102436065,0.1125545660654703
719,9,0.1191474497318267,0.1124133457740148
719,19,0.1223558336496353,0.1123175596197446
720,9,0.1136893704533577,0.1121735170483589
720,19,0.1162628978490829,0.1120792090892791
721,9,0.132233127951622,0.1119351411859194
721,19,0.121191032230854,0.1118351757526397
722,9,0.1289507299661636,0.1116891572872797
722,19,0.1294882148504257,0.1115938737988471
723,9,0.1110935434699058,0.1114476611216863
723,19,0.1149682104587555,0.1113525629043579
724,9,0.1134012341499328,0.1112068762381871
724,19,0.113786295056343,0.1111082235972086
725,9,0.1133362501859664,0.1109582841396331
725,19,0.1206290572881698,0.1108605533838272
726,9,0.1146229431033134,0.1107161824901898
726,19,0.112031951546669,0.1106238981088002
727,9,0.1181196868419647,0.1104847510655721
727,19,0.1211434304714202,0.1103902826706568
728,9,0.1128775998950004,0.110253277917703
728,19,0.1063382923603057,0.1101675008734067
729,9,0.109161227941513,0.110028984149297
729,19,0.1100733652710914,0.1099357336759567
730,9,0.1149828135967254,0.1097902889053026
730,19,0.112181156873703,0.1096929291884104
731,9,0.126449629664421,0.1095453729232152
731,19,0.115814596414566,0.1094485317667325
732,9,0.1253875344991684,0.109302399555842
732,19,0.1146376430988311,0.1092064321041107
733,9,0.1246376037597656,0.1090599844853083
733,19,0.1297306269407272,0.1089597553014755
734,9,0.1266442239284515,0.1088064730167388
734,19,0.1257559359073639,0.1087013935049374
735,9,0.1166517958045005,0.1085494518280029
735,19,0.1185590773820877,0.1084527626633644
736,9,0.1069831401109695,0.1083083063364029
736,19,0.1199802309274673,0.1082143093148867
737,9,0.1237119883298873,0.1080740412076314
737,19,0.1177597343921661,0.1079769859711329
738,9,0.1216328367590904,0.1078300803899765
738,19,0.122271291911602,0.1077310383319854
739,9,0.114400491118431,0.1075852091113726
739,19,0.1074345856904983,0.1074941659967104
740,9,0.118088498711586,0.1073601484298706
740,19,0.1175018772482872,0.1072698851426442
741,9,0.1241265684366226,0.1071261460582415
741,19,0.1326451450586319,0.1070301055908203
742,9,0.1068662106990814,0.1068907539049784
742,19,0.1098947972059249,0.1068024163444836
743,9,0.1180981919169426,0.1066732421517372
743,19,0.1184742003679275,0.1065858617424964
744,9,0.1167235225439071,0.1064520945151647
744,19,0.1182419136166572,0.1063572039206822
745,9,0.1052104905247688,0.1062177484234174
745,19,0.1051753610372543,0.1061276997129122
746,9,0.1136119365692138,0.1059922203421592
746,19,0.115725889801979,0.1059076329072316
747,9,0.1467982679605484,0.105778157711029
747,19,0.1278854757547378,0.1056825657685597
748,9,0.1163991913199424,0.1055388549963633
748,19,0.1130904927849769,0.1054451167583465
749,9,0.1218606680631637,0.1053052748243014
749,19,0.1251436471939087,0.1052135189374288
750,9,0.1077342182397842,0.10507755925258
750,19,0.106991060078144,0.1049896384278933
751,9,0.1035287082195282,0.1048589507738749
751,19,0.1070303320884704,0.104772825539112
752,9,0.1194917261600494,0.1046449452638626
752,19,0.1184695586562156,0.1045643349488576
753,9,0.1119863986968994,0.1044405927260716
753,19,0.1158947199583053,0.1043523813287417
754,9,0.1063529700040817,0.1042210171620051
754,19,0.103625401854515,0.1041339124242464
755,9,0.1098503321409225,0.1040064791838328
755,19,0.1095528453588485,0.1039258683721224
756,9,0.1141532436013221,0.1037994484106699
756,19,0.1067651286721229,0.10370897402366
757,9,0.1075062006711959,0.1035737365484237
757,19,0.1055478751659393,0.103483693798383
758,9,0.1183380335569381,0.1033466170231501
758,19,0.1052324101328849,0.1032615552345911
759,9,0.1108909621834755,0.1031348928809166
759,19,0.1271571218967437,0.1030515854557355
760,9,0.1211406290531158,0.1029244934519132
760,19,0.1253995448350906,0.1028340448935826
761,9,0.1114656552672386,0.1026963586608568
761,19,0.106927253305912,0.1026103854179382
762,9,0.1073754131793975,0.1024872357646624
762,19,0.1071502566337585,0.1024086311459541
763,9,0.107374757528305,0.1022920524080594
763,19,0.1017573922872543,0.1022126923004786
764,9,0.1137220561504364,0.1020855888724327
764,19,0.1112968474626541,0.1019980639219284
765,9,0.0976835414767265,0.1018649384379386
765,19,0.0999807342886924,0.1017844438552856
766,9,0.1136840656399726,0.1016619841257731
766,19,0.1112571582198143,0.1015771051247914
767,9,0.124138131737709,0.1014439726869265
767,19,0.1157081425189971,0.1013494436939557
768,9,0.1013814285397529,0.1012107928593953
768,19,0.1031480729579925,0.1011257737874984
769,9,0.1169106066226959,0.1009973327318827
769,19,0.1078508049249649,0.1009088372190793
770,9,0.1139015182852745,0.1007756476600964
770,19,0.1117555201053619,0.1006854608654976
771,9,0.1143345087766647,0.1005491013328234
771,19,0.1122110933065414,0.1004581784208615
772,9,0.1047418937087059,0.1003253474831581
772,19,0.1098412722349166,0.1002406681577364
773,9,0.1037114560604095,0.1001128911972046
773,19,0.1085994690656662,0.1000251988569895
774,9,0.0996855795383453,0.0998983139793078
774,19,0.1001171469688415,0.0998161628842353
775,9,0.0968233495950698,0.0996949940919876
775,19,0.1074955463409423,0.0996200134356816
776,9,0.1095842272043228,0.0995000263055165
776,19,0.1108446344733238,0.0994101881980896
777,9,0.1048276647925376,0.0992781003316243
777,19,0.1114501953125,0.0991933142145474
778,9,0.1088646650314331,0.0990631908178329
778,19,0.1138085350394249,0.0989802539348602
779,9,0.1015670448541641,0.0988591894507408
779,19,0.1046783402562141,0.0987825006246566
780,9,0.1082095503807067,0.0986649806300799
780,19,0.1057267412543296,0.0985843146840731
781,9,0.1017105132341384,0.0984613244732221
781,19,0.1112793460488319,0.0983830094337463
782,9,0.1021820306777954,0.0982611219088236
782,19,0.1054878979921341,0.0981790522734324
783,9,0.1013641059398651,0.0980587268869082
783,19,0.1064471527934074,0.0979788308342297
784,9,0.1093150675296783,0.0978593165675799
784,19,0.1030446588993072,0.0977780918280283
785,9,0.1153372153639793,0.0976503744721412
785,19,0.1193290501832962,0.0975609923402468
786,9,0.093108132481575,0.0974309871594111
786,19,0.0987819880247116,0.0973539943496386
787,9,0.1053046807646751,0.0972401763002077
787,19,0.1039988547563552,0.0971686725815137
788,9,0.1055304035544395,0.0970521549383799
788,19,0.1082050204277038,0.0969720224539438
789,9,0.1046006008982658,0.0968478709459304
789,19,0.101881518959999,0.0967651853958765
790,9,0.0959145724773407,0.0966441313425699
790,19,0.0947581529617309,0.096566488345464
791,9,0.1057702302932739,0.0964522063732147
791,19,0.1024938449263572,0.0963754380742708
792,9,0.1039305850863456,0.0962622721989949
792,19,0.0997331589460372,0.096187457938989
793,9,0.1066666916012764,0.0960728416840235
793,19,0.0978191345930099,0.0959962576627731
794,9,0.1107438057661056,0.0958761761585871
794,19,0.1063393056392669,0.0957953572273254
795,9,0.0903995931148529,0.0956756090124448
795,19,0.0921548083424568,0.0955992291371027
796,9,0.0896984413266182,0.0954855014880498
796,19,0.091594398021698,0.0954126805067062
797,9,0.0947295576333999,0.095300314327081
797,19,0.100914716720581,0.0952231297890345
798,9,0.0971321910619735,0.0951120724280675
798,19,0.0955166891217231,0.0950400377313296
799,9,0.0942749828100204,0.0949308147033055
799,19,0.1139584705233573,0.0948573529720306
800,9,0.0975345969200134,0.0947497531771659
800,19,0.1015874594449997,0.0946798592805862
801,9,0.1032922863960266,0.0945675229032834
801,19,0.0981549769639968,0.0944884652892748
802,9,0.1151484549045562,0.0943707197904586
802,19,0.0969939529895782,0.0942931994795799
803,9,0.1073539108037948,0.094178361694018
803,19,0.105935201048851,0.0941017483671506
804,9,0.0997464433312416,0.0939855471253395
804,19,0.0993566662073135,0.0939075703422228
805,9,0.1098281145095825,0.0937930390238761
805,19,0.1010348945856094,0.0937121609846751
806,9,0.1119193434715271,0.0935957486430803
806,19,0.1057445406913757,0.0935197393099467
807,9,0.08890300989151,0.0934077113866806
807,19,0.0933943688869476,0.0933366442720095
808,9,0.0987140014767646,0.0932285924752553
808,19,0.1047572046518325,0.0931510547796885
809,9,0.1166775375604629,0.0930328443646431
809,19,0.1077676266431808,0.0929538508256276
810,9,0.1083921641111373,0.0928382317225138
810,19,0.1003837138414383,0.0927605072657267
811,9,0.0842315256595611,0.0926486516992251
811,19,0.0852088183164596,0.0925766160090764
812,9,0.0953907817602157,0.0924661467472712
812,19,0.1007018461823463,0.0923888449867566
813,9,0.0914754122495651,0.0922782947619756
813,19,0.0853516682982444,0.0922108506162961
814,9,0.095615342259407,0.0921090871095657
814,19,0.1048794761300087,0.0920389438668886
815,9,0.1018213778734207,0.0919328272342681
815,19,0.1017917022109031,0.0918592234452565
816,9,0.1024066135287284,0.0917475655674934
816,19,0.1109389588236808,0.0916736642519633
817,9,0.0950706005096435,0.091566839814186
817,19,0.0901645272970199,0.0915002956986427
818,9,0.0980099812150001,0.0913963754971822
818,19,0.1158049404621124,0.0913229058186213
819,9,0.0933449864387512,0.0912119577328364
819,19,0.108347900211811,0.0911397983630498
820,9,0.0910553038120269,0.0910322998960812
820,19,0.0960642471909523,0.0909668167432149
821,9,0.1090676113963127,0.0908663034439087
821,19,0.108015239238739,0.0907914489507675
822,9,0.0960848182439804,0.0906764368216196
822,19,0.1022721827030181,0.090601913134257
823,9,0.1017947793006897,0.0904943019151687
823,19,0.0873282700777053,0.090426114698251
824,9,0.0869617387652397,0.0903260543942451
824,19,0.0911651253700256,0.090264269709587
825,9,0.0954564064741134,0.0901677230993906
825,19,0.0968340337276458,0.0900961955388387
826,9,0.0914459750056266,0.0899858703215917
826,19,0.0911121815443039,0.0899112885197003
827,9,0.0981504023075103,0.0898031845688819
827,19,0.0900627225637435,0.0897337739666303
828,9,0.0913265570998191,0.0896307215094566
828,19,0.0995568037033081,0.0895626480380694
829,9,0.099537193775177,0.0894634182254473
829,19,0.1009891629219055,0.089395061135292
830,9,0.1021733283996582,0.089291393260161
830,19,0.0963870957493782,0.0892150282859802
831,9,0.0945195779204368,0.0891035084923108
831,19,0.1069216728210449,0.0890328978498776
832,9,0.1079383268952369,0.0889290024836858
832,19,0.1016506850719451,0.0888538971543312
833,9,0.0925417020916938,0.088745612402757
833,19,0.0977695286273956,0.0886790384848912
834,9,0.0971613377332687,0.0885813266038894
834,19,0.1033486425876617,0.0885154445966084
835,9,0.1087653115391731,0.088411545753479
835,19,0.1075554564595222,0.0883322278658549
836,9,0.0879123285412788,0.0882197911540667
836,19,0.0896961688995361,0.0881532356142997
837,9,0.0943556129932403,0.0880527004599571
837,19,0.0927794277667999,0.0879859854777654
838,9,0.0934045240283012,0.0878856927156448
838,19,0.1090916395187377,0.0878175139427185
839,9,0.082651101052761,0.0877169122298558
839,19,0.0890647768974304,0.0876541366179784
840,9,0.1019547134637832,0.0875510161121686
840,19,0.0892815738916397,0.0874787201484044
841,9,0.0969653949141502,0.0873747552434603
841,19,0.0901363343000412,0.0873072455326716
842,9,0.0881939157843589,0.0872085526585579
842,19,0.0907612070441246,0.0871429567535718
843,9,0.0899851322174072,0.0870408912499745
843,19,0.0915665179491043,0.0869726002216339
844,9,0.0998522192239761,0.0868723382552464
844,19,0.1060018315911293,0.086804508169492
845,9,0.0823434591293335,0.0867078294356664
845,19,0.0908323004841804,0.0866453761855761
846,9,0.0893995761871337,0.0865501845876375
846,19,0.0955083519220352,0.0864844774206479
847,9,0.1009262800216674,0.0863866925239563
847,19,0.0909246578812599,0.0863246699174245
848,9,0.0952950268983841,0.0862284734845161
848,19,0.093223363161087,0.0861659288406372
849,9,0.0939957872033119,0.0860672245422999
849,19,0.0872774049639701,0.0859971493482589
850,9,0.092784970998764,0.0858941217263539
850,19,0.0864228457212448,0.085826834042867
851,9,0.0911002606153488,0.0857307488719622
851,19,0.0961457714438438,0.0856690198183059
852,9,0.0854756981134414,0.0855818480253219
852,19,0.0821528658270835,0.0855266839265823
853,9,0.0895887166261673,0.0854378675421079
853,19,0.0914338156580925,0.0853707412878672
854,9,0.0874945446848869,0.0852727904915809
854,19,0.0997263044118881,0.0852149531245231
855,9,0.075302854180336,0.0851301203171412
855,19,0.0834189653396606,0.0850724657376607
856,9,0.0931628569960594,0.0849805911382039
856,19,0.0984411910176277,0.0849231774608294
857,9,0.0921668410301208,0.0848301877578099
857,19,0.0912455096840858,0.0847619215647379
858,9,0.0934141650795936,0.0846555799245834
858,19,0.0944830626249313,0.0845835044980049
859,9,0.0965553745627403,0.0844796349604924
859,19,0.0867915749549865,0.0844120452801386
860,9,0.0839123055338859,0.0843121742208798
860,19,0.0820502862334251,0.0842427641153335
861,9,0.0907790958881378,0.084145613014698
861,19,0.0802107378840446,0.084085094432036
862,9,0.0905647501349449,0.0839953223864237
862,19,0.0795545354485511,0.0839336574077606
863,9,0.0929513573646545,0.0838412687182426
863,19,0.0982043743133544,0.08377412656943
864,9,0.0982616767287254,0.0836717948317527
864,19,0.0975780934095382,0.0836034168799718
865,9,0.0884134247899055,0.0835058162609736
865,19,0.0861350148916244,0.0834471811850865
866,9,0.0903119444847107,0.0833607628941535
866,19,0.0798030272126197,0.0833022197087605
867,9,0.0852039605379104,0.0832105855147043
867,19,0.0827973634004592,0.0831518630186716
868,9,0.1055735498666763,0.0830586309234301
868,19,0.0949995815753936,0.082995718717575
869,9,0.0866323560476303,0.0829059382279713
869,19,0.0868910104036331,0.0828510135412216
870,9,0.0935352817177772,0.082763448357582
870,19,0.0898671299219131,0.0827015389998753
871,9,0.1050736829638481,0.0826079159975052
871,19,0.0921002328395843,0.0825433780749638
872,9,0.0804763361811637,0.0824508229891459
872,19,0.0860282033681869,0.0823900024096171
873,9,0.1016943603754043,0.0822978864113489
873,19,0.0991123467683792,0.0822319015860557
874,9,0.0818874388933181,0.0821347092588742
874,19,0.0817613452672958,0.0820685808857282
875,9,0.0910278484225273,0.0819703559080759
875,19,0.0918158069252967,0.0819056252638499
876,9,0.0922564938664436,0.0818063974380493
876,19,0.097901202738285,0.0817406296730041
877,9,0.0906424075365066,0.0816482365131378
877,19,0.0870065838098526,0.0815900574127833
878,9,0.0878949165344238,0.0814959555864334
878,19,0.0914274677634239,0.0814291417598724
879,9,0.076705701649189,0.0813346117734909
879,19,0.0830309689044952,0.0812759757041931
880,9,0.0898765549063682,0.0811888068914413
880,19,0.0956623926758766,0.0811292439699173
881,9,0.0768802016973495,0.0810396820306778
881,19,0.0780381858348846,0.0809856767455736
882,9,0.0855476409196853,0.0809071217974027
882,19,0.0896908864378929,0.0808537259697914
883,9,0.0929578021168708,0.0807775278886159
883,19,0.0819303914904594,0.0807257682085037
884,9,0.0829929634928703,0.0806451181570688
884,19,0.0889422222971916,0.0805872018138567
885,9,0.0967865064740181,0.0804964765906333
885,19,0.0890983417630195,0.0804316023985544
886,9,0.0969134420156478,0.0803374444444974
886,19,0.0825030952692031,0.0802774578332901
887,9,0.0864000096917152,0.0801880399386088
887,19,0.0859375074505806,0.0801262418429056
888,9,0.0838979110121727,0.0800356696049372
888,19,0.0941506028175354,0.0799757609764734
889,9,0.0839605629444122,0.0798832982778549
889,19,0.0966996103525161,0.0798203299442927
890,9,0.0798600167036056,0.0797326306502024
890,19,0.0842422693967819,0.0796771357456843
891,9,0.0988197475671768,0.0795941124359766
891,19,0.087558314204216,0.0795401806632677
892,9,0.0741115435957908,0.0794569144646326
892,19,0.0746913105249404,0.0794008766611417
893,9,0.0807966887950897,0.0793233205874761
893,19,0.0776860266923904,0.0792739694317181
894,9,0.0796550065279007,0.0791928092638651
894,19,0.0807387605309486,0.0791383470098177
895,9,0.090595856308937,0.0790485138694445
895,19,0.0795088559389114,0.07898780554533
896,9,0.0841140151023864,0.0788979401191075
896,19,0.0842637494206428,0.0788376679023106
897,9,0.0835838615894317,0.0787529612580935
897,19,0.0838857665657997,0.0787019302447637
898,9,0.0845476761460304,0.0786250745256741
898,19,0.0862511694431305,0.0785717924435933
899,9,0.0855442583560943,0.0784920910994211
899,19,0.0724857002496719,0.0784445792436599
900,9,0.0852473899722099,0.078370152413845
900,19,0.0889925509691238,0.0783124968409538
901,9,0.1022845804691314,0.0782259012262026
901,19,0.0769526958465576,0.0781742687026659
902,9,0.0793795958161354,0.0780909404158592
902,19,0.0821162462234497,0.0780324315031369
903,9,0.0849834829568862,0.0779455383618672
903,19,0.0875069424510002,0.0778900176286697
904,9,0.0777936577796936,0.0778122425079345
904,19,0.0813344195485115,0.0777605374654134
905,9,0.0841208547353744,0.0776816373070081
905,19,0.0884715989232063,0.0776275560259819
906,9,0.0907405093312263,0.0775489767392476
906,19,0.0848916918039321,0.0775001416603724
907,9,0.0875021070241928,0.0774266282717386
907,19,0.0836798101663589,0.0773709749182065
908,9,0.0812046006321907,0.0772822737693786
908,19,0.0905593335628509,0.0772235438227653
909,9,0.0802661925554275,0.0771342247724533
909,19,0.0856652706861496,0.0770719081163406
910,9,0.0845369026064872,0.0769840980569521
910,19,0.0815509036183357,0.076929763952891
911,9,0.0925984978675842,0.0768422116835912
911,19,0.091829590499401,0.0767796427011489
912,9,0.0853537619113922,0.0766862099369367
912,19,0.0882997661828994,0.0766287992397944
913,9,0.0976820588111877,0.0765452444553375
913,19,0.0935760885477066,0.0764878506461779
914,9,0.0795683190226554,0.076404691239198
914,19,0.0950539708137512,0.0763506710529327
915,9,0.0844595357775688,0.0762665356198946
915,19,0.0817157551646232,0.0762113034725189
916,9,0.0781424269080162,0.0761295715967814
916,19,0.0910530015826225,0.0760761986176172
917,9,0.0839096307754516,0.0759963671366373
917,19,0.0796901807188987,0.0759411295255025
918,9,0.0886334776878357,0.0758604655663172
918,19,0.0935994908213615,0.0758094390233357
919,9,0.0836859047412872,0.0757308671871821
919,19,0.0855512544512748,0.075684617459774
920,9,0.0868473201990127,0.0756121387084325
920,19,0.0839824900031089,0.0755588213602701
921,9,0.0825366377830505,0.0754765450954437
921,19,0.0848610550165176,0.0754216238856315
922,9,0.087522879242897,0.0753331755598386
922,19,0.0998410135507583,0.0752717057863871
923,9,0.0804202258586883,0.0751848965883255
923,19,0.0944103673100471,0.0751315062244733
924,9,0.0775114446878433,0.0750535170237223
924,19,0.075473815202713,0.0750037242968877
925,9,0.081428438425064,0.0749297380447387
925,19,0.0765433013439178,0.0748762379089991
926,9,0.0802886635065078,0.074795530239741
926,19,0.0967112481594085,0.0747430195411046
927,9,0.0870584398508071,0.0746662080287933
927,19,0.083270363509655,0.0746138234933217
928,9,0.0782115906476974,0.0745358849565188
928,19,0.0829202234745025,0.0744827628135681
929,9,0.0703168809413909,0.074406598508358
929,19,0.0877206325531005,0.0743621041377385
930,9,0.0831380635499954,0.0742919440070788
930,19,0.0881690010428428,0.074242191016674
931,9,0.0707976967096328,0.0741680055856704
931,19,0.0821384564042091,0.0741183926661809
932,9,0.082328625023365,0.0740479618310928
932,19,0.0834238231182098,0.0739972864588101
933,9,0.0765583589673042,0.0739190593361854
933,19,0.0742063000798225,0.0738660131891568
934,9,0.0724532902240753,0.0737915650010108
934,19,0.0700101256370544,0.0737460047006607
935,9,0.0783118307590484,0.0736818348368009
935,19,0.0810005813837051,0.0736340423425038
936,9,0.078145295381546,0.0735621651013692
936,19,0.0801998972892761,0.0735166604320208
937,9,0.0797658786177635,0.0734468668699264
937,19,0.0745608434081077,0.0733993833263715
938,9,0.0772484242916107,0.0733265553911527
938,19,0.0812167525291442,0.0732763161261876
939,9,0.0826751887798309,0.0732031395037969
939,19,0.0680287927389144,0.0731557418902715
940,9,0.077041395008564,0.0730830277005831
940,19,0.0869387090206146,0.0730357497930526
941,9,0.0715962350368499,0.0729636793335278
941,19,0.0801666378974914,0.0729163815577824
942,9,0.0868541896343231,0.0728442549705505
942,19,0.0838457569479942,0.0727958232164383
943,9,0.0853869467973709,0.0727287183205286
943,19,0.0784647613763809,0.0726863821347554
944,9,0.0725042074918747,0.0726191893219947
944,19,0.0723959654569625,0.0725740899642308
945,9,0.072437010705471,0.0724994778633117
945,19,0.0850111842155456,0.0724522163470586
946,9,0.0771465748548507,0.0723825072248776
946,19,0.0896883159875869,0.0723340585827827
947,9,0.078023724257946,0.0722634370128313
947,19,0.0803947746753692,0.0722193747758865
948,9,0.0855737775564193,0.0721520687143007
948,19,0.0846626907587051,0.0720976104338963
949,9,0.0723773092031478,0.0720197334885597
949,19,0.0674202591180801,0.0719778815905253
950,9,0.0710327103734016,0.0719155763586362
950,19,0.0865669474005699,0.0718683823943138
951,9,0.0720598623156547,0.0717972820003827
951,19,0.0676876306533813,0.0717526897788047
952,9,0.0691361054778099,0.0716854244470596
952,19,0.0781838297843933,0.0716435516873995
953,9,0.0729820877313613,0.0715796823302904
953,19,0.068621352314949,0.0715332984924316
954,9,0.080975741147995,0.0714603781700134
954,19,0.0798111483454704,0.0714095721642176
955,9,0.0850217044353485,0.0713324010372161
955,19,0.0846208557486534,0.0712785884737968
956,9,0.0787812620401382,0.0712044616540273
956,19,0.0747073143720626,0.0711587314804395
957,9,0.0706067308783531,0.071089639266332
957,19,0.0788031667470932,0.0710461487372716
958,9,0.0746993348002433,0.0709838777780532
958,19,0.0693752616643905,0.0709437355399131
959,9,0.0705997496843338,0.0708803966641426
959,19,0.0726605504751205,0.0708348075548807
960,9,0.0810578912496566,0.0707626561323801
960,19,0.0909641608595848,0.0707084208726882
961,9,0.077849268913269,0.0706267898281415
961,19,0.081034630537033,0.0705758502086003
962,9,0.0847771391272544,0.0705013662576675
962,19,0.0868140310049057,0.0704480955998102
963,9,0.085477203130722,0.070372317234675
963,19,0.0828042775392532,0.0703251113494237
964,9,0.0825948938727378,0.0702547997236251
964,19,0.0801313370466232,0.0702065418163935
965,9,0.0778956115245819,0.0701353132724762
965,19,0.0689070299267768,0.0700891683499018
966,9,0.0736607909202575,0.0700159246722857
966,19,0.0714180916547775,0.0699693664908409
967,9,0.0738855525851249,0.069903564453125
967,19,0.0764308869838714,0.0698618794480959
968,9,0.0694593042135238,0.0698015511035919
968,19,0.0774420648813247,0.0697597786784172
969,9,0.0699245929718017,0.0696893746654192
969,19,0.0782482475042343,0.0696427668134371
970,9,0.0808811709284782,0.0695702662070592
970,19,0.0690442025661468,0.0695234805345535
971,9,0.0677478685975074,0.0694571028153101
971,19,0.0664373561739921,0.0694145927826563
972,9,0.0812363699078559,0.0693488518397013
972,19,0.07465860247612,0.0693004717429479
973,9,0.0726392418146133,0.0692291602492332
973,19,0.0832751244306564,0.0691823710997899
974,9,0.0730024054646492,0.0691123674313227
974,19,0.0734376013278961,0.0690668195486068
975,9,0.0706502646207809,0.0690002158284187
975,19,0.0763686373829841,0.0689588412642479
976,9,0.0809529051184654,0.0688941260178883
976,19,0.0752132013440132,0.0688514694571495
977,9,0.085215538740158,0.0687913407882054
977,19,0.0710601732134819,0.0687505682309468
978,9,0.0827600881457328,0.0686899398763974
978,19,0.0721738636493682,0.0686454311013221
979,9,0.0741515308618545,0.0685816427071889
979,19,0.0720839202404022,0.0685411314169565
980,9,0.0838494002819061,0.0684779385725657
980,19,0.0736803859472274,0.0684358874956766
981,9,0.0786553248763084,0.0683708707491556
981,19,0.0711236447095871,0.0683273047208786
982,9,0.0759322941303253,0.0682610481977462
982,19,0.0724468529224395,0.0682172248760859
983,9,0.0698111578822135,0.0681544661521911
983,19,0.0703744068741798,0.0681146139899889
984,9,0.082615703344345,0.0680525551239649
984,19,0.0890721157193183,0.0680055225888888
985,9,0.0673105120658874,0.0679338266452153
985,19,0.0682179033756256,0.0678874492645263
986,9,0.0693740546703338,0.0678228934605916
986,19,0.0674192383885383,0.0677843252817789
987,9,0.0774134024977684,0.0677222008506457
987,19,0.0667308419942855,0.0676780313253402
988,9,0.0629264265298843,0.0676118041078249
988,19,0.0757238343358039,0.0675729230046272
989,9,0.068979375064373,0.0675144284963607
989,19,0.0663881674408912,0.0674762586752573
990,9,0.0733928009867668,0.0674170086781183
990,19,0.0766825228929519,0.0673753882447878
991,9,0.076960951089859,0.067308331032594
991,19,0.0787815451622009,0.0672592769066492
992,9,0.0715721994638443,0.0671910693248113
992,19,0.0872514694929122,0.0671474869052569
993,9,0.0776139199733734,0.0670886362592379
993,19,0.0707842856645584,0.067055528362592
994,9,0.0774058848619461,0.0669978102048238
994,19,0.0801448971033096,0.0669528057177861
995,9,0.0694912374019622,0.0668845877051353
995,19,0.0689310654997825,0.066842116912206
996,9,0.0756954997777938,0.0667770862579345
996,19,0.0761192440986633,0.0667342404524485
997,9,0.072942242026329,0.0666680872440338
997,19,0.0811931565403938,0.0666224002838134
998,9,0.0787863731384277,0.0665594135721524
998,19,0.0711129754781723,0.0665232757727305
999,9,0.0792195573449134,0.0664634088675181
999,19,0.0734629407525062,0.0664221813281377
1000,9,0.0788848996162414,0.0663602466384569
1000,19,0.0753516182303428,0.066317664583524
1001,9,0.0874316990375518,0.0662535677353541
1001,19,0.0686234459280967,0.0662084286411603
1002,9,0.0648572668433189,0.0661443571249644
1002,19,0.0694607943296432,0.0661053607861201
1003,9,0.0800243914127349,0.0660468240578969
1003,19,0.0659700557589531,0.0660069023569425
1004,9,0.0609319508075714,0.0659485926230748
1004,19,0.081359177827835,0.065907767911752
1005,9,0.0713105127215385,0.0658455540736516
1005,19,0.0738226845860481,0.0657996892929077
1006,9,0.075914442539215,0.0657373776038487
1006,19,0.0643360689282417,0.065702074766159
1007,9,0.0762237012386322,0.065649868051211
1007,19,0.0776931792497634,0.0656094516317049
1008,9,0.0643952563405036,0.0655482778946558
1008,19,0.0720151960849762,0.0655076995491981
1009,9,0.0733905434608459,0.0654519657293955
1009,19,0.0709162354469299,0.0654146343469619
1010,9,0.0776057466864585,0.0653538222114245
1010,19,0.0765984952449798,0.0653103361527125
1011,9,0.0758368372917175,0.0652439256509145
1011,19,0.0807983428239822,0.0651987582445144
1012,9,0.0640106350183487,0.0651403864224751
1012,19,0.0839205980300903,0.0651034633318583
1013,9,0.064005009829998,0.065050924817721
1013,19,0.0740590840578079,0.0650198037425677
1014,9,0.0678031370043754,0.0649695545434951
1014,19,0.0721578150987625,0.0649338722229004
1015,9,0.0615345984697341,0.0648838291565577
1015,19,0.0674201548099517,0.0648470143477122
1016,9,0.068630963563919,0.0647858634591102
1016,19,0.0784505903720855,0.0647434920072555
1017,9,0.066050574183464,0.0646836837132771
1017,19,0.0783907622098922,0.0646451661984125
1018,9,0.0772139281034469,0.0645877361297607
1018,19,0.0709047764539718,0.0645474870999654
