epoch,batch,train_loss,val_loss
0,9,0.5099079012870789,0.6400605348440317
0,19,0.594758152961731,0.6399512978700491
1,9,0.4874613285064697,0.6397961240548354
1,19,0.5063990354537964,0.6396091121893662
2,9,0.4865914285182953,0.639332441183237
2,19,0.5053367614746094,0.6391147696054899
3,9,0.48659974336624146,0.6388641687539908
3,19,0.5054872035980225,0.6387065649032593
4,9,0.48603466153144836,0.6385213732719421
4,19,0.5048882961273193,0.6383887162575355
5,9,0.48675650358200073,0.6382470314319317
5,19,0.5056939721107483,0.6381631401868967
6,9,0.48577994108200073,0.638051803295429
6,19,0.5047074556350708,0.6379647392493027
7,9,0.4864378571510315,0.6378665107947129
7,19,0.5054011344909668,0.6378054435436542
8,9,0.4850931763648987,0.6377239869191096
8,19,0.5041531324386597,0.637654721736908
9,9,0.4857139587402344,0.6375719996599051
9,19,0.5045602321624756,0.6375168928733239
10,9,0.4851474165916443,0.6374486638949468
10,19,0.5041801929473877,0.6373981099862319
11,9,0.48459315299987793,0.6373324806873615
11,19,0.5037349462509155,0.6372838937319242
12,9,0.48607224225997925,0.6372295159559983
12,19,0.505036473274231,0.6371968755355248
13,9,0.4841786026954651,0.6371526030393747
13,19,0.503192663192749,0.6371125853978671
14,9,0.4840008020401001,0.6370600691208472
14,19,0.50307697057724,0.6370217937689561
15,9,0.48422572016716003,0.6369762604053204
15,19,0.5032748579978943,0.6369442756359394
16,9,0.48464030027389526,0.6369072886613699
16,19,0.5036785006523132,0.6368807645944449
17,9,0.4845796823501587,0.6368473905783433
17,19,0.5034705400466919,0.6368232506972092
18,9,0.4845758378505707,0.6367932603909419
18,19,0.5035409927368164,0.6367711470677302
19,9,0.48331642150878906,0.636741253045889
19,19,0.5022281408309937,0.6367165537980887
20,9,0.483739972114563,0.6366852567746089
20,19,0.5052714347839355,0.6366640054262601
21,9,0.48598402738571167,0.6366391594593341
21,19,0.5049939155578613,0.6366256154500521
22,9,0.48649999499320984,0.6366068995915927
22,19,0.514776885509491,0.6365885184361384
23,9,0.48388373851776123,0.6365644748394306
23,19,0.5028800964355469,0.6365473316265986
24,9,0.48473474383354187,0.636526529605572
24,19,0.5037037134170532,0.6365126371383667
25,9,0.48330479860305786,0.636443724999061
25,19,0.5023626089096069,0.6364262424982511
26,9,0.4855680763721466,0.6364601667110736
26,19,0.5045090913772583,0.6364493140807519
27,9,0.4838087260723114,0.6353845091966482
27,19,0.5027412176132202,0.6353710431319016
28,9,0.4833080470561981,0.6364023502056415
28,19,0.5022653937339783,0.636387614103464
29,9,0.4840989112854004,0.6363701866223261
29,19,0.5031049847602844,0.6363577246665955
30,9,0.485344797372818,0.6363434424767127
30,19,0.5043877959251404,0.6363341028873737
31,9,0.4844890236854553,0.6363223424324622
31,19,0.503489077091217,0.6363123242671673
32,9,0.48436543345451355,0.6362983859502352
32,19,0.5034533143043518,0.636287890947782
33,9,0.48406776785850525,0.6442705117739164
34,9,0.48448044061660767,0.636266502050253
35,9,0.485776424407959,0.6362574100494385
36,9,0.48318320512771606,0.6362471397106464
37,9,0.4835560917854309,0.6362355213898879
38,9,0.4844498038291931,0.6362245724751399
39,9,0.48309051990509033,0.6362132200827966
40,9,0.48346802592277527,0.6362016751216009
41,9,0.4835280478000641,0.6340284806031448
41,19,0.5025167465209961,0.6340162341411297
42,9,0.48423123359680176,0.6361656143115118
42,19,0.503358006477356,0.6361562884770907
43,9,0.48341041803359985,0.6361436018576989
43,19,0.5024975538253784,0.6361332352344806
44,9,0.48213085532188416,0.636118627511538
44,19,0.5010692477226257,0.6361061655558072
45,9,0.4838557243347168,0.6360910351459796
45,19,0.5027932524681091,0.6360811132651109
46,9,0.48330873250961304,0.6360686879891616
46,19,0.5024330019950867,0.6360590503765986
47,9,0.4841063916683197,0.6690172553062439
48,9,0.48411452770233154,0.6360426911940942
49,9,0.48413828015327454,0.6360356119962839
50,9,0.4838803708553314,0.6360277350132282
51,9,0.482818603515625,0.636018665937277
52,9,0.48292458057403564,0.632984289756188
52,19,0.501870334148407,0.6329733316714947
53,9,0.4838431477546692,0.6346100568771362
53,19,0.5027443170547485,0.6346001395812402
54,9,0.484011709690094,0.6359678094203656
54,19,0.503200888633728,0.6359604597091675
55,9,0.5103365778923035,0.6359518216206477
55,19,0.6020379066467285,0.6359463975979731
56,9,0.4813755750656128,0.6359374202214755
56,19,0.5003741979598999,0.6359271773925195
57,9,0.48267194628715515,0.6359140139359695
57,19,0.5017883777618408,0.6359047568761386
58,9,0.48415887355804443,0.6380848105137165
59,9,0.4832342267036438,0.6334823278280405
60,9,0.48306339979171753,0.6358809837928185
61,9,0.48451563715934753,0.6358737166111286
62,9,0.48260509967803955,0.6358662706155044
63,9,0.48414501547813416,0.6358590492835412
64,9,0.48321396112442017,0.6358517821018512
65,9,0.48350465297698975,0.6358443406911997
66,9,0.48359331488609314,0.6358372523234441
67,9,0.48390841484069824,0.6358306178679833
68,9,0.48399099707603455,0.6358242676808283
69,9,0.48398423194885254,0.6358180504578811
70,9,0.4838818311691284,0.6358118561597971
71,9,0.48216792941093445,0.6358046944324787
72,9,0.4835073947906494,0.6357974364207342
73,9,0.4840368330478668,0.6357906598311204
74,9,0.4839577376842499,0.6357844426081731
75,9,0.48435860872268677,0.6357786792975205
76,9,0.48250895738601685,0.6357723978849558
77,9,0.48348546028137207,0.6357658322040851
78,9,0.48405519127845764,0.6357596608308645
79,9,0.48300907015800476,0.6357530768101032
80,9,0.4820860028266907,0.6357458233833313
81,9,0.4835050404071808,0.6357389596792368
82,9,0.4829171895980835,0.6357321693347051
83,9,0.4843074083328247,0.6357261400956374
84,9,0.4828546643257141,0.6357199228726901
85,9,0.48288097977638245,0.6357135268358084
86,9,0.48393625020980835,0.6357076168060303
87,9,0.4829750955104828,0.6357015646420993
88,9,0.4838497042655945,0.6356956454423758
89,9,0.4824521541595459,0.6356892860852755
90,9,0.4833216667175293,0.6356832430912898
91,9,0.48329147696495056,0.6356774293459378
92,9,0.48283061385154724,0.6356712029530451
93,9,0.4843231737613678,0.6356655817765456
94,9,0.48298415541648865,0.6356602081885705
95,9,0.48384544253349304,0.635654880450322
96,9,0.48297590017318726,0.6356489750055166
97,9,0.48436397314071655,0.6356434959631699
98,9,0.4827721118927002,0.6356380994503315
99,9,0.48338496685028076,0.6356324415940505
100,9,0.48489129543304443,0.6356275723530695
101,9,0.4829150140285492,0.6356225793178265
102,9,0.4848209321498871,0.6356177421716543
103,9,0.4833427965641022,0.6356127170416025
104,9,0.4827820062637329,0.635607320528764
105,9,0.4823133945465088,0.6356015067834121
106,9,0.4831855893135071,0.6355958718519944
107,9,0.48280513286590576,0.6355902965252216
108,9,0.4818679094314575,0.6355841755867004
109,9,0.4827817678451538,0.635578256386977
110,9,0.4827907085418701,0.6355725756058326
111,9,0.4827585816383362,0.6355669177495517
112,9,0.48374277353286743,0.6355617000506475
113,9,0.48230376839637756,0.6355562576880822
114,9,0.48178786039352417,0.635550434772785
115,9,0.48180508613586426,0.6355444467984713
116,9,0.48177778720855713,0.6355384679941031
117,9,0.48183703422546387,0.6355323103758005
118,9,0.4822322726249695,0.6356315658642695
119,9,0.4837242066860199,0.6355211459673368
120,9,0.48530077934265137,0.6355171891359183
121,9,0.48681291937828064,0.6355130122258112
122,9,0.4832715690135956,0.6355088353157043
123,9,0.48170021176338196,0.6355040669441223
124,9,0.4826599061489105,0.6354986154116117
125,9,0.482235848903656,0.6354934435624343
126,9,0.48264139890670776,0.6354881295791039
127,9,0.48166829347610474,0.6354826276118939
128,9,0.4852309823036194,0.6354784323618963
129,9,0.4837481677532196,0.6354743242263794
130,9,0.48373863101005554,0.635470239015726
131,9,0.48410701751708984,0.6438930722383353
132,9,0.4826679825782776,0.6354619631400475
133,9,0.4831620156764984,0.6354575569813068
134,9,0.4837169349193573,0.6354533158815824
135,9,0.48369336128234863,0.635449216916011
136,9,0.48463714122772217,0.6354455351829529
137,9,0.4827309548854828,0.6354414637272174
138,9,0.4826352596282959,0.6422847601083609
139,9,0.4815720319747925,0.6354321516477145
140,9,0.48416492342948914,0.6354275437501761
141,9,0.4847746193408966,0.6354237932425278
142,9,0.4821079969406128,0.6354196346723117
143,9,0.4840396046638489,0.6354155127818768
144,9,0.4836566150188446,0.635411629310021
145,9,0.48262664675712585,0.6354077320832473
146,9,0.48162099719047546,0.6354027757277856
147,9,0.4830607771873474,0.6353981540753291
148,9,0.48401644825935364,0.6353939725802495
149,9,0.48247137665748596,0.6353901578829839
150,9,0.4835849404335022,0.6353859901428223
151,9,0.48303496837615967,0.6353819507818955
152,9,0.4840482771396637,0.6353782690488375
153,9,0.48262855410575867,0.6353743534821731
154,9,0.4840221405029297,0.6353705800496615
155,9,0.48248541355133057,0.6353664581592267
156,9,0.4835420846939087,0.6353626801417425
157,9,0.4845361113548279,0.6353592872619629
158,9,0.48202046751976013,0.635355688058413
159,9,0.4825857877731323,0.6353513735991257
160,9,0.4830245077610016,0.6353470728947566
161,9,0.4846951961517334,0.6353435699756329
162,9,0.4829714000225067,0.635339998281919
163,9,0.4829510748386383,0.6353359268261836
164,9,0.48292073607444763,0.6353321854884808
165,9,0.48358699679374695,0.6353285404352041
166,9,0.4829203188419342,0.6476737214968755
167,9,0.48141905665397644,0.6353206680371211
168,9,0.4824664294719696,0.6353162848032438
169,9,0.48347562551498413,0.6353123188018799
170,9,0.48406094312667847,0.6353088021278381
171,9,0.48348328471183777,0.6353054046630859
172,9,0.48458853363990784,0.6353021172376779
173,9,0.48611336946487427,0.6353011773182795
174,9,0.481427401304245,0.6352950930595398
175,9,0.48345887660980225,0.6352911041333125
176,9,0.48140203952789307,0.6352871564718393
177,9,0.48307910561561584,0.6352826769535358
178,9,0.48193731904029846,0.6352786467625544
179,9,0.4830107092857361,0.6352748320652888
180,9,0.4824259877204895,0.6352707330997174
181,9,0.4859495162963867,0.6352680967404292
182,9,0.48451679944992065,0.6352655933453486
183,9,0.48189395666122437,0.6352625030737656
184,9,0.4840266704559326,0.6352586012620193
185,9,0.4830625653266907,0.6353443769308237
186,9,0.4835481643676758,0.6352522235650283
187,9,0.4824473559856415,0.6352482392237737
188,9,0.48136788606643677,0.6352444153565627
189,9,0.48137515783309937,0.6352402338614831
190,9,0.482977956533432,0.6352360890461848
191,9,0.4833940863609314,0.6352329300000117
192,9,0.4828605055809021,0.6352297847087567
193,9,0.4824013113975525,0.6352262863746057
194,9,0.48401036858558655,0.6352232740475581
195,9,0.4835149049758911,0.6352205643287072
196,9,0.48400580883026123,0.6352174098675067
197,9,0.4839661419391632,0.6352146359590384
198,9,0.48243463039398193,0.6352114310631385
199,9,0.48411205410957336,0.6352084645858178
200,9,0.4839058518409729,0.6352053926541255
201,9,0.4857429563999176,0.6255937998111432
201,19,0.522392988204956,0.6255944096125089
202,9,0.48187077045440674,0.6351955395478469
202,19,0.5010012984275818,0.6351915506216196
203,9,0.4823653995990753,0.6351866997205294
203,19,0.5014253258705139,0.6351831968014057
204,9,0.4812479615211487,0.6351783734101516
204,19,0.5003997683525085,0.6351746641672574
205,9,0.4823913872241974,0.6351699829101562
205,19,0.5014805793762207,0.6351665395956773
206,9,0.4823361933231354,0.6340864850924566
207,9,0.48294568061828613,0.6351590569202716
208,9,0.48224693536758423,0.6351558428544265
209,9,0.48335251212120056,0.6351528901320237
210,9,0.4844311475753784,0.6351504830213693
211,9,0.4833295941352844,0.6351478695869446
212,9,0.4807450771331787,0.6351447701454163
213,9,0.48229268193244934,0.6351413268309373
214,9,0.48182952404022217,0.635138043990502
215,9,0.4823687970638275,0.6298302366183355
216,9,0.4817647337913513,0.6351313866101779
217,9,0.484010249376297,0.6331927547088037
218,9,0.48229050636291504,0.6351250043282142
219,9,0.48346078395843506,0.6351219461514399
220,9,0.48239946365356445,0.635119222677671
221,9,0.48325127363204956,0.6351161140661973
222,9,0.48273569345474243,0.6351131475888766
223,9,0.48279261589050293,0.6351103324156541
224,9,0.48220095038414,0.6351075539222131
225,9,0.4838821589946747,0.6351048946380615
226,9,0.48116254806518555,0.6351017585167518
227,9,0.4838196039199829,0.6350988974938025
228,9,0.4816361665725708,0.635095999791072
229,9,0.4832890033721924,0.6350933313369751
230,9,0.4811191260814667,0.6350900576664851
231,9,0.48113787174224854,0.6350868894503667
232,9,0.4811438024044037,0.6350834369659424
233,9,0.4822072684764862,0.6350802825047419
234,9,0.48235175013542175,0.6350772472528311
235,9,0.482307106256485,0.6350740652817947
236,9,0.4827096462249756,0.6350710391998291
237,9,0.4821927845478058,0.6350681552520165
238,9,0.4838564097881317,0.6350655234777011
239,9,0.48324358463287354,0.635063308935899
240,9,0.4828522205352783,0.635060938505026
241,9,0.48237258195877075,0.6350582333711478
242,9,0.48279106616973877,0.6350553861031165
243,9,0.48331665992736816,0.6350527405738831
244,9,0.48058074712753296,0.6350495356779832
245,9,0.48111942410469055,0.6302634890262897
246,9,0.4837631583213806,0.6350433918145987
247,9,0.48113107681274414,0.6350406270760757
248,9,0.48542511463165283,0.635038591348208
249,9,0.4912949502468109,0.6350365464503949
250,9,0.4832679331302643,0.635034272303948
251,9,0.48219797015190125,0.6350323466154245
252,9,0.4805489778518677,0.6350290821148799
253,9,0.48221445083618164,0.6350262486017667
254,9,0.4844115078449249,0.6350238781708938
255,9,0.4826626479625702,0.635021278491387
256,9,0.48162129521369934,0.6440313687691321
257,9,0.48330745100975037,0.6407073094294622
258,9,0.48433157801628113,0.644128130032466
259,9,0.4838528037071228,0.635011727993305
260,9,0.48380497097969055,0.6350095913960383
261,9,0.4816175699234009,0.6350071751154386
262,9,0.48267537355422974,0.6350045800209045
263,9,0.48388946056365967,0.6350024159138019
264,9,0.48321112990379333,0.6349999721233661
265,9,0.48323869705200195,0.6349978676209083
266,9,0.48443281650543213,0.634995896082658
267,9,0.48161745071411133,0.6349931771938617
268,9,0.4837329387664795,0.6349910222567045
269,9,0.48213598132133484,0.6349883354627169
270,9,0.4810653030872345,0.6349853460605328
271,9,0.4843393564224243,0.6395457111872159
272,9,0.4810352027416229,0.6349804309698251
273,9,0.48317012190818787,0.6349778679700998
274,9,0.4815291166305542,0.634975254535675
275,9,0.48489052057266235,0.6349734709813044
276,9,0.48474305868148804,0.6349712656094477
277,9,0.4831705689430237,0.6285160000507648
278,9,0.48326319456100464,0.6349669969998873
279,9,0.4820878207683563,0.6349644615099981
280,9,0.48269444704055786,0.6349617930559012
281,9,0.48268234729766846,0.6343667323772724
282,9,0.48268526792526245,0.6349570521941552
283,9,0.484835684299469,0.6349551952802218
284,9,0.4845672845840454,0.6349527285649226
285,9,0.48097658157348633,0.6349502939444321
286,9,0.4832097887992859,0.6349472862023574
287,9,0.4815841615200043,0.6349448974315937
288,9,0.4827197790145874,0.6349426507949829
289,9,0.4832525849342346,0.6349402482693012
290,9,0.48319172859191895,0.6349379741228544
291,9,0.48260143399238586,0.6349357320712163
292,9,0.4815913140773773,0.634933393735152
293,9,0.48044252395629883,0.6349304364277766
294,9,0.48155146837234497,0.6349275799898001
295,9,0.48265406489372253,0.6349249894802387
296,9,0.480462908744812,0.6349217708294208
297,9,0.4820657968521118,0.6349190748654879
298,9,0.4819967746734619,0.6349163055419922
299,9,0.4832460880279541,0.6349141735296983
300,9,0.4831467866897583,0.634912018592541
301,9,0.4831498861312866,0.6349098911652198
302,9,0.4825853705406189,0.6349077224731445
303,9,0.48146721720695496,0.6379467936662527
304,9,0.48315829038619995,0.6349030549709613
305,9,0.4831733703613281,0.6349010513379023
306,9,0.48363590240478516,0.6348991210644062
307,9,0.48317137360572815,0.6282371695225055
308,9,0.4826222062110901,0.634894609451294
309,9,0.4814556837081909,0.6348919501671424
310,9,0.4819837212562561,0.634889501791734
311,9,0.4831284284591675,0.6348867324682382
312,9,0.4814731180667877,0.6348842061482943
313,9,0.4837140142917633,0.6348818082075852
314,9,0.48145055770874023,0.6348795936657832
315,9,0.48316502571105957,0.6348774295586807
316,9,0.4814847409725189,0.6348749811832721
317,9,0.4820917248725891,0.6348724548633282
318,9,0.48256465792655945,0.6348697359745319
319,9,0.4825652241706848,0.634867576452402
320,9,0.4820275902748108,0.634865586574261
321,9,0.4820545017719269,0.6348635049966666
322,9,0.4802881181240082,0.6348604284800016
323,9,0.48032012581825256,0.6348576178917518
324,9,0.48191630840301514,0.6348548393983108
325,9,0.48252037167549133,0.6348524643824651
326,9,0.48191872239112854,0.6348501535562369
327,9,0.48318496346473694,0.6348482828873855
328,9,0.4824991226196289,0.6348462654994085
329,9,0.48200052976608276,0.6373690137496362
330,9,0.48195895552635193,0.6348410111207229
331,9,0.4819567799568176,0.6348384893857516
332,9,0.4825133979320526,0.6394034807498639
333,9,0.4825519919395447,0.6348337576939509
334,9,0.48189449310302734,0.634831272638761
335,9,0.4814036190509796,0.6348292460808387
336,9,0.48308265209198,0.6348270177841187
337,9,0.48141244053840637,0.6348246152584369
338,9,0.4831046462059021,0.6348224098865802
339,9,0.4808816611766815,0.634819929416363
340,9,0.4814487397670746,0.6348173664166377
341,9,0.48186492919921875,0.6348150143256555
342,9,0.48135286569595337,0.6348129785977877
343,9,0.48247629404067993,0.6348100167054397
344,9,0.48248350620269775,0.6348077517289382
345,9,0.483717679977417,0.6348057801906879
346,9,0.48197701573371887,0.6348034693644597
347,9,0.48187553882598877,0.634801461146428
348,9,0.48248928785324097,0.6347994483434237
349,9,0.48189228773117065,0.6347973759357746
350,9,0.4865873456001282,0.6321077071703397
351,9,0.48303553462028503,0.6365730212284968
352,9,0.48197394609451294,0.6347916538898761
353,9,0.48417460918426514,0.6347892146844131
354,9,0.483161985874176,0.6347867892338679
355,9,0.48238497972488403,0.6347851386437049
356,9,0.481934517621994,0.6347831716904273
357,9,0.4807674288749695,0.6347808883740351
358,9,0.48274052143096924,0.6347789214207575
359,9,0.4819517433643341,0.6347758219792292
360,9,0.48129671812057495,0.6347733369240394
361,9,0.4841894507408142,0.6347709848330572
362,9,0.48252031207084656,0.6347690041248615
363,9,0.481895387172699,0.6347672801751357
364,9,0.4825279712677002,0.6347653361467215
365,9,0.484180748462677,0.6347635434224055
366,9,0.4814610779285431,0.6347676928226764
367,9,0.4813655912876129,0.6347615993939913
368,9,0.4825012683868408,0.6335609876192533
369,9,0.483024537563324,0.6347549786934485
370,9,0.48133015632629395,0.6347528879459088
371,9,0.4818820357322693,0.6347500177530142
372,9,0.4813176691532135,0.6347478353060209
373,9,0.48073726892471313,0.6367523761895987
374,9,0.4830291271209717,0.6347429752349854
375,9,0.48195844888687134,0.6347406414838938
376,9,0.4835306704044342,0.6347387341352609
377,9,0.4813232719898224,0.6347368588814368
378,9,0.4830186069011688,0.6347350890819843
379,9,0.4829891324043274,0.6347326269516578
380,9,0.48357295989990234,0.6324409567392789
381,9,0.48361513018608093,0.6347291377874521
382,9,0.481860876083374,0.6347272717035733
383,9,0.49166107177734375,0.6347286013456491
384,9,0.482418954372406,0.634724497795105
385,9,0.4829889237880707,0.6347214808830848
386,9,0.4823414385318756,0.6347194497401898
387,9,0.48298999667167664,0.6347170334595901
388,9,0.4812445342540741,0.6347150619213398
389,9,0.48360687494277954,0.6347133975762588
390,9,0.48125746846199036,0.6347113526784457
391,9,0.48239219188690186,0.6347093536303594
392,9,0.482998251914978,0.6347071207486666
393,9,0.48243531584739685,0.6347051996451157
394,9,0.4824008047580719,0.6347033335612371
395,9,0.4830282926559448,0.63470124739867
396,9,0.48242175579071045,0.6354676301662738
397,9,0.48296844959259033,0.6362825402846704
398,9,0.4817919433116913,0.6346955757874709
399,9,0.48235884308815,0.6346937601382916
400,9,0.4828885793685913,0.6346917656751779
401,9,0.4836046099662781,0.6346901105000422
402,9,0.48234623670578003,0.6346881114519559
403,9,0.48297953605651855,0.6346860573841975
404,9,0.48122522234916687,0.6346837419729966
405,9,0.481764554977417,0.6346820271932162
406,9,0.48180699348449707,0.6346798768410316
407,9,0.48120754957199097,0.634677529335022
408,9,0.4817851185798645,0.6346752735284659
409,9,0.4835490584373474,0.6267607945662278
410,9,0.4818114638328552,0.6346710324287415
411,9,0.4840792715549469,0.6346698174109826
412,9,0.48296627402305603,0.644280208991124
413,9,0.4817824959754944,0.6346661127530612
414,9,0.48317477107048035,0.6346649252451383
415,9,0.4817540943622589,0.6346616103098943
416,9,0.48235374689102173,0.6346605786910424
417,9,0.48291799426078796,0.6346579377467816
418,9,0.48004862666130066,0.6346559478686407
419,9,0.48176446557044983,0.6346535682678223
420,9,0.4817800223827362,0.6346509731732882
421,9,0.48173534870147705,0.6346489466153659
422,9,0.48245880007743835,0.6395932940336374
423,9,0.4811609983444214,0.6346449347642752
424,9,0.48117759823799133,0.6346423075749323
425,9,0.4806094169616699,0.6346399371440594
426,9,0.49328872561454773,0.6346381123249347
427,9,0.48226794600486755,0.634636823947613
428,9,0.48119959235191345,0.6346356593645536
429,9,0.48347631096839905,0.6346331926492544
430,9,0.48003658652305603,0.6346309505976163
431,9,0.48281264305114746,0.6346291762131911
432,9,0.4822959899902344,0.6346271404853234
433,9,0.4822843670845032,0.6346250359828656
434,9,0.4829023778438568,0.6346230736145606
435,9,0.48116153478622437,0.6346212900601901
436,9,0.48292386531829834,0.634619809114016
437,9,0.48292502760887146,0.6346179246902466
438,9,0.4828827381134033,0.634616324534783
439,9,0.48173439502716064,0.6346146968694834
440,9,0.48230448365211487,0.6346127069913424
441,9,0.4823913872241974,0.6346105016194857
442,9,0.48226219415664673,0.6465385051874014
443,9,0.4846440553665161,0.6375915499833914
444,9,0.48286306858062744,0.6343453755745521
445,9,0.48407334089279175,0.6346034728563749
446,9,0.48236921429634094,0.6346019460604742
447,9,0.48342305421829224,0.634600437604464
448,9,0.48119020462036133,0.6345981726279626
449,9,0.48407769203186035,0.6345964807730454
450,9,0.4829569160938263,0.6345947201435382
451,9,0.48345986008644104,0.6345932667072003
452,9,0.48294326663017273,0.634591804100917
453,9,0.48462721705436707,0.6345903323246882
454,9,0.48515158891677856,0.6345889843427218
455,9,0.483479768037796,0.6345874988115751
456,9,0.48165377974510193,0.6345857840317947
457,9,0.48167482018470764,0.6445885575734652
458,9,0.484002023935318,0.6345826204006488
459,9,0.4816135764122009,0.6345807084670434
460,9,0.48403504490852356,0.6345789432525635
461,9,0.4811498820781708,0.6345771367733295
462,9,0.48227888345718384,0.6345746975678664
463,9,0.48231250047683716,0.6345727351995615
464,9,0.4816707372665405,0.6345710250047537
465,9,0.48105376958847046,0.6345692231104925
466,9,0.4822791814804077,0.6345668389247014
467,9,0.48233121633529663,0.6345647665170523
468,9,0.4840289056301117,0.6345632626460149
469,9,0.4828633666038513,0.6345609793296227
470,9,0.481048047542572,0.6345594158539405
471,9,0.48347172141075134,0.6345580907968374
472,9,0.48226213455200195,0.6345559771244342
473,9,0.4828587770462036,0.6345537717525775
474,9,0.4816400706768036,0.6345519423484802
475,9,0.48402827978134155,0.6445992313898526
476,9,0.48225271701812744,0.6345487970572251
477,9,0.48452475666999817,0.6345476737389197
478,9,0.4816336929798126,0.6345458443348224
479,9,0.48103630542755127,0.6345437856820914
480,9,0.48225024342536926,0.6345422222064092
481,9,0.48167628049850464,0.6345396087719843
482,9,0.48160508275032043,0.6345373346255376
483,9,0.48214247822761536,0.6345353860121506
484,9,0.4834006428718567,0.6345338867260859
485,9,0.48107385635375977,0.6345321215116061
486,9,0.4798920452594757,0.6345296914760883
487,9,0.4818677306175232,0.6345299298946674
488,9,0.48213592171669006,0.6345263948807349
489,9,0.48102012276649475,0.6345228415269119
490,9,0.48320549726486206,0.6345200080137986
491,9,0.48402494192123413,0.6345184307831985
492,9,0.4828023612499237,0.6345167526831994
493,9,0.48165059089660645,0.6345152029624352
494,9,0.48342540860176086,0.6345135019375727
495,9,0.4856799840927124,0.6345123327695407
496,9,0.4815671443939209,0.6345109297679021
497,9,0.4833662211894989,0.6345085089023297
498,9,0.4828965663909912,0.6343674613879278
499,9,0.4827258586883545,0.6345049372086158
500,9,0.482256144285202,0.6345028968957754
501,9,0.4827365577220917,0.6371037914202764
502,9,0.48045778274536133,0.6344995269408593
503,9,0.4803963899612427,0.6344967897121723
504,9,0.4816471338272095,0.6344947860791132
505,9,0.48225241899490356,0.6344930483744695
506,9,0.4828096330165863,0.634491122685946
507,9,0.48096218705177307,0.6344887476701003
508,9,0.48097503185272217,0.6340676729495709
509,9,0.48154014348983765,0.6344847862537091
510,9,0.4821949601173401,0.6344831264936007
511,9,0.48150569200515747,0.6344807193829463
512,9,0.4815288484096527,0.6330981117028457
513,9,0.4815947413444519,0.6344768725908719
514,9,0.4822041392326355,0.634474937732403
515,9,0.4798157811164856,0.6344724435072678
516,9,0.4838074743747711,0.6344720400296725
517,9,0.4815570116043091,0.6344823928979727
518,9,0.48042383790016174,0.6344661850195664
519,9,0.48102056980133057,0.6344641859714801
520,9,0.48214292526245117,0.6344620218643775
521,9,0.48216989636421204,0.6344605592580942
522,9,0.4859490394592285,0.6344588903280405
523,9,0.48330050706863403,0.6344562677236704
524,9,0.4839435815811157,0.6344559467755831
525,9,0.4809568524360657,0.6344535029851474
526,9,0.48102858662605286,0.6344516689960773
527,9,0.4826652407646179,0.6479326211489164
528,9,0.48091036081314087,0.6344476067102872
529,9,0.4839281439781189,0.634445648926955
530,9,0.4862855076789856,0.6368202612950251
531,9,0.4821646213531494,0.6344456168321463
532,9,0.48596152663230896,0.6344433151758634
533,9,0.483373761177063,0.6403864851364722
534,9,0.48337021470069885,0.6344379278329703
535,9,0.4803888201713562,0.6344358554253211
536,9,0.48334625363349915,0.634434346969311
537,9,0.48213091492652893,0.634432146182427
538,9,0.4821467995643616,0.6344299820753244
539,9,0.49049490690231323,0.6344445072687589
540,9,0.4840576946735382,0.6344640805171087
541,9,0.4840182363986969,0.6344535396649287
542,9,0.4809667468070984,0.6344364147919875
543,9,0.48276543617248535,0.6344263920417199
544,9,0.48217248916625977,0.6344245718075678
545,9,0.4814835488796234,0.6344210184537448
546,9,0.48267993330955505,0.6344192669941828
547,9,0.48208969831466675,0.6344171303969163
548,9,0.482077419757843,0.6344153697674091
549,9,0.4814850389957428,0.6344133523794321
550,9,0.48267829418182373,0.6382085910210242
551,9,0.48329561948776245,0.6344102116731497
552,9,0.48094868659973145,0.6304310055879446
553,9,0.48206931352615356,0.634407103061676
554,9,0.48154690861701965,0.6344050627488357
555,9,0.48268455266952515,0.6344033525540278
556,9,0.48267862200737,0.6344016606991107
557,9,0.481493204832077,0.6344002347726089
558,9,0.4809330701828003,0.6343982173846319
559,9,0.4802679121494293,0.6343960257676932
560,9,0.4816039800643921,0.6343938891704266
561,9,0.4838317632675171,0.6343920735212473
562,9,0.48206421732902527,0.634389959848844
563,9,0.4833861291408539,0.6343886623015771
564,9,0.48390063643455505,0.6343874610387362
565,9,0.4790800213813782,0.6351561821424044
566,9,0.48203378915786743,0.6343838297403775
567,9,0.4826562702655792,0.634382004921253
568,9,0.48144611716270447,0.6343802947264451
569,9,0.48145750164985657,0.6367964515319238
570,9,0.4815745949745178,0.6343768697518569
571,9,0.48387548327445984,0.6343749027985793
572,9,0.48199185729026794,0.6296827013675983
573,9,0.48271995782852173,0.634372028020712
574,9,0.4814338684082031,0.6343706020942101
575,9,0.4814480245113373,0.6343684654969436
576,9,0.4826156497001648,0.6343665673182561
577,9,0.48202377557754517,0.634365228506235
578,9,0.48148128390312195,0.6343631560985858
579,9,0.48203015327453613,0.6315982846113352
580,9,0.4814627766609192,0.6339774819520804
581,9,0.48200979828834534,0.6343579659095178
582,9,0.4808262288570404,0.6343560723158029
583,9,0.4825981557369232,0.6343541053625253
584,9,0.482682466506958,0.6343525969065152
585,9,0.4844369888305664,0.6343513222841116
586,9,0.4808897078037262,0.6343492911412165
587,9,0.48195669054985046,0.6343478147800152
588,9,0.4826585650444031,0.6343462742291964
589,9,0.4826587736606598,0.6343447932830224
590,9,0.48329782485961914,0.6343432343923129
591,9,0.48199233412742615,0.6343415012726417
592,9,0.4832361340522766,0.6343400661761944
593,9,0.4815327525138855,0.6343387181942279
594,9,0.48198220133781433,0.6343370813589829
595,9,0.48023688793182373,0.6343349401767437
596,9,0.4839487671852112,0.6343331887171819
597,9,0.4832105040550232,0.6587459124051608
598,9,0.4820203185081482,0.634329575758714
599,9,0.48084166646003723,0.6343277509395893
600,9,0.48259949684143066,0.6343261416141803
601,9,0.4826148748397827,0.6343246881778424
602,9,0.4826430380344391,0.6343227808292096
603,9,0.48019132018089294,0.6343209147453308
604,9,0.48138266801834106,0.6476909747490516
605,9,0.4825897514820099,0.6343178015488845
606,9,0.48262614011764526,0.6343161555436941
607,9,0.48071375489234924,0.6343138538874112
608,9,0.47955965995788574,0.6343117906497076
609,9,0.48380663990974426,0.6343105756319486
610,9,0.48382502794265747,0.6343090717609112
611,9,0.4802662134170532,0.6343075449650104
612,9,0.48202893137931824,0.6343053625180171
613,9,0.4807581901550293,0.6343033955647395
614,9,0.4813927114009857,0.62843440587704
615,9,0.4821123480796814,0.6342995441876925
616,9,0.4826759099960327,0.6342985859284034
617,9,0.48198503255844116,0.6342962796871479
618,9,0.4801572561264038,0.6342941660147446
619,9,0.4837864637374878,0.6342927125784067
620,9,0.48134148120880127,0.6342910344784076
621,9,0.4819849729537964,0.6342896910814139
622,9,0.4826297163963318,0.6342882605699393
623,9,0.48071664571762085,0.6342892555090097
624,9,0.4832155108451843,0.6342852757527278
625,9,0.4825284481048584,0.6342824147297785
626,9,0.48258185386657715,0.6342801130734957
627,9,0.4812995493412018,0.6342790585297805
628,9,0.4826871156692505,0.6342777288877047
629,9,0.48074305057525635,0.6342757802743179
630,9,0.4802038073539734,0.6342734098434448
631,9,0.4819909930229187,0.6361572375664344
632,9,0.48132675886154175,0.6342700673983648
633,9,0.4832458198070526,0.6342681967295133
634,9,0.48896336555480957,0.6342665874041044
635,9,0.4800695776939392,0.6342651706475478
636,9,0.48131006956100464,0.634263487962576
637,9,0.48261117935180664,0.6340147715348464
638,9,0.4825882017612457,0.6342598108144907
639,9,0.48321181535720825,0.6342581372994643
640,9,0.4826456308364868,0.6342568122423612
641,9,0.47952431440353394,0.6342550470278814
642,9,0.48384082317352295,0.6342530800746038
643,9,0.4813132882118225,0.6342508701177744
644,9,0.48201438784599304,0.6342490315437317
645,9,0.485098659992218,0.6342488527297974
646,9,0.4807766079902649,0.6342465785833505
647,9,0.4826071262359619,0.6342450838822585
648,9,0.4838011562824249,0.6342434287071228
649,9,0.4825696647167206,0.6342416313978342
650,9,0.4807699918746948,0.6342401091869061
651,9,0.4812923073768616,0.6342385732210599
652,9,0.48197829723358154,0.6342367025522085
653,9,0.4819194972515106,0.6342348227134118
654,9,0.4838241934776306,0.6342336352054889
655,9,0.48068350553512573,0.6342315948926486
656,9,0.4826481342315674,0.6342302514956548
657,9,0.4813121557235718,0.6342282937123225
658,9,0.48069310188293457,0.634226395533635
659,9,0.48203927278518677,0.6342248412278982
660,9,0.4826437532901764,0.6342237729292649
661,9,0.4813156723976135,0.6342209760959332
662,9,0.4831427335739136,0.6342189724628742
663,9,0.4849969446659088,0.6342178445595962
664,9,0.4800909459590912,0.6440263390541077
665,9,0.48252642154693604,0.634215772151947
666,9,0.48188236355781555,0.6342136905743525
667,9,0.4837109446525574,0.6342118382453918
668,9,0.47943633794784546,0.6342096924781799
669,9,0.4825369715690613,0.6342086425194373
670,9,0.4825761616230011,0.6342067260008591
671,9,0.48441410064697266,0.6342052129598764
672,9,0.4813675880432129,0.6342033881407517
673,9,0.4806838631629944,0.6342014670372009
674,9,0.48190489411354065,0.6342000732055078
675,9,0.48192253708839417,0.6341983355008639
676,9,0.4807148575782776,0.6341966436459467
677,9,0.48123887181282043,0.6341945849932157
678,9,0.4824899435043335,0.6341926776445829
679,9,0.4806232452392578,0.6341910178844745
680,9,0.4843909442424774,0.634189784526825
681,9,0.48255133628845215,0.6341874370208154
682,9,0.4794210195541382,0.6341858873000512
683,9,0.48192963004112244,0.6591184460199796
684,9,0.47998785972595215,0.6341826319694519
685,9,0.4819878339767456,0.634180527466994
686,9,0.4830629527568817,0.6341792436746451
687,9,0.4836660623550415,0.6341782258107111
688,9,0.4818313717842102,0.6326864728560815
689,9,0.48189064860343933,0.6341742414694566
690,9,0.4825591444969177,0.6341731181511512
691,9,0.4818873405456543,0.6341710182336661
692,9,0.48373308777809143,0.6341694180782025
693,9,0.4805785119533539,0.6341683268547058
694,9,0.4824913740158081,0.6341664470159091
695,9,0.48377206921577454,0.6389759274629446
696,9,0.4826182425022125,0.6411337302281306
697,9,0.4806032180786133,0.6341613164314857
698,9,0.4811660647392273,0.6341598675801203
699,9,0.4812709093093872,0.6341576988880451
700,9,0.48304784297943115,0.6341562271118164
701,9,0.4825730621814728,0.6341546452962435
702,9,0.48060640692710876,0.6341530084609985
703,9,0.48305150866508484,0.6341510598476117
704,9,0.48062390089035034,0.6341497164506179
705,9,0.4812365770339966,0.6341479466511653
706,9,0.47933709621429443,0.6341455028607295
707,9,0.48122844099998474,0.6341440815192002
708,9,0.48065176606178284,0.6341419311670157
709,9,0.4806332290172577,0.6341394277719351
710,9,0.48304060101509094,0.6341379605806791
711,9,0.48114198446273804,0.6341363283304068
712,9,0.48125502467155457,0.6341343201123751
713,9,0.47998449206352234,0.6341321101555457
714,9,0.4812118709087372,0.6341302945063665
715,9,0.4813118577003479,0.6341285613866953
716,9,0.4823917746543884,0.6341268099271334
717,9,0.4824950695037842,0.6341251868468064
718,9,0.48238885402679443,0.6341239947539109
719,9,0.4824545085430145,0.6341227705662067
720,9,0.4817781150341034,0.6341207577632024
721,9,0.4805549383163452,0.6341190659082853
722,9,0.48454704880714417,0.634117589547084
723,9,0.4818691909313202,0.6341148706582876
724,9,0.48179692029953003,0.6341138619642991
725,9,0.4805131256580353,0.6341120646550105
726,9,0.48800545930862427,0.6341308355331421
727,9,0.4836689829826355,0.6356537617169894
728,9,0.4811669588088989,0.6341091761222253
729,9,0.48179852962493896,0.6341043894107525
730,9,0.48180049657821655,0.6341041601621188
731,9,0.4824936091899872,0.6341023353429941
732,9,0.4830327033996582,0.634099712738624
733,9,0.4828473627567291,0.6340988049140344
734,9,0.48235905170440674,0.6340976219910842
735,9,0.48117202520370483,0.6421720293851999
736,9,0.48240143060684204,0.6340938439735999
737,9,0.4798928499221802,0.6340916156768799
738,9,0.48172158002853394,0.6340901759954599
739,9,0.47995996475219727,0.6340880990028381
740,9,0.4842592477798462,0.6340879614536579
741,9,0.48184752464294434,0.6340850637509272
742,9,0.48180049657821655,0.634084192606119
743,9,0.4806289076805115,0.634082033083989
744,9,0.4805331826210022,0.6340799515063946
745,9,0.4811854362487793,0.6340779891380897
746,9,0.48113876581192017,0.6340764348323529
747,9,0.4817051291465759,0.6340744678790753
748,9,0.47990843653678894,0.6340728081189669
749,9,0.4818383455276489,0.6312486666899461
750,9,0.4811778664588928,0.6340688833823571
751,9,0.48373475670814514,0.6340670493932871
752,9,0.48235568404197693,0.6340661369837247
753,9,0.4805445969104767,0.6340644313738897
754,9,0.4836418628692627,0.6340628908230708
755,9,0.48360109329223633,0.6340614190468421
756,9,0.48050588369369507,0.634060263633728
757,9,0.48110052943229675,0.6340587047430185
758,9,0.4823564887046814,0.6340564993711618
759,9,0.482399046421051,0.6340551834840041
760,9,0.4812023639678955,0.6353057210262005
761,9,0.4817483723163605,0.6340522445165194
762,9,0.4837087392807007,0.6340497594613296
763,9,0.4817609190940857,0.6340488791465759
764,9,0.4823840260505676,0.6318175425896277
765,9,0.47993457317352295,0.634045096544119
766,9,0.4818090796470642,0.6340443216837369
767,9,0.4823845624923706,0.6340422951258146
768,9,0.48122185468673706,0.6340404290419358
769,9,0.48112136125564575,0.6340388059616089
770,9,0.48045551776885986,0.6340371095217191
771,9,0.4804282784461975,0.6340351746632502
772,9,0.48359960317611694,0.6340366280995883
773,9,0.4823470711708069,0.6340323915848365
774,9,0.48039355874061584,0.6340299432094281
775,9,0.48042404651641846,0.6340279028965876
776,9,0.4810752868652344,0.6340266924638015
777,9,0.48303350806236267,0.6340241753138028
778,9,0.4804486334323883,0.6340224284392136
779,9,0.48112547397613525,0.6340209520780123
780,9,0.4810589551925659,0.634018966784844
781,9,0.4823678731918335,0.6342058915358323
782,9,0.48115867376327515,0.6340162983307471
783,9,0.4810284376144409,0.6322074945156391
784,9,0.49643394351005554,0.6340448214457586
785,9,0.4785618782043457,0.6340245925463163
786,9,0.4810451865196228,0.6347220127399151
787,9,0.47985488176345825,0.634008370912992
788,9,0.48236510157585144,0.634006353525015
789,9,0.4798009395599365,0.6354592580061692
790,9,0.4822545051574707,0.6340022912392249
791,9,0.481062650680542,0.6340007736132696
792,9,0.48111462593078613,0.6339990634184617
793,9,0.4822930693626404,0.6339974724329435
794,9,0.4829109311103821,0.633995730143327
795,9,0.49503186345100403,0.634041387301225
796,9,0.48381996154785156,0.6340672236222488
797,9,0.48235175013542175,0.6340272289056045
798,9,0.4823763966560364,0.633996830536769
799,9,0.48297423124313354,0.6339955650843107
800,9,0.47985655069351196,0.633988462961637
801,9,0.48173999786376953,0.633986601462731
802,9,0.4797207713127136,0.6339848133233877
803,9,0.49669718742370605,0.6339878669151893
804,9,0.4791910648345947,0.6339852672356826
805,9,0.4816540777683258,0.634954938521752
806,9,0.48229753971099854,0.6339790133329538
807,9,0.4830363392829895,0.633976542032682
808,9,0.4829927384853363,0.6339754278843219
809,9,0.48103779554367065,0.6339743916804974
810,9,0.48362475633621216,0.6310660701531631
811,9,0.48171374201774597,0.6339712418042697
812,9,0.4823867380619049,0.6339699029922485
813,9,0.48039647936820984,0.6339679314539983
814,9,0.4848869740962982,0.6339667393611028
815,9,0.4809870719909668,0.6339650704310491
816,9,0.4816831648349762,0.6339633831611047
817,9,0.48100027441978455,0.6339622369179359
818,9,0.47977331280708313,0.6339602974744943
819,9,0.48173728585243225,0.6339577849094684
820,9,0.4816843569278717,0.6339565561367915
821,9,0.4797435402870178,0.633955024755918
822,9,0.4803929030895233,0.6339531311622033
823,9,0.48295003175735474,0.6339512421534612
824,9,0.48168301582336426,0.6339496832627517
825,9,0.4836212992668152,0.633948917572315
826,9,0.48093506693840027,0.6339468038999118
827,9,0.48292315006256104,0.633945474257836
828,9,0.4796897768974304,0.633943878687345
829,9,0.48100006580352783,0.6339418888092041
830,9,0.48161306977272034,0.6339404582977295
831,9,0.4803359806537628,0.6339388306324298
832,9,0.4829585552215576,0.6339369874734145
833,9,0.48353496193885803,0.633935767870683
834,9,0.48305168747901917,0.6339345711928147
835,9,0.4829196631908417,0.6339332094559302
836,9,0.47904253005981445,0.6339313525419968
837,9,0.4854632019996643,0.6339302842433636
838,9,0.4829432964324951,0.6339293764187739
839,9,0.4815729260444641,0.6339270701775184
840,9,0.48349642753601074,0.6339259789540217
841,9,0.4796791076660156,0.633924832710853
842,9,0.48096591234207153,0.6454498034257156
843,9,0.4816317558288574,0.6328720312852126
844,9,0.48164913058280945,0.6339200322444623
845,9,0.48295605182647705,0.6339182807849004
846,9,0.48168042302131653,0.6339163046616775
847,9,0.48228704929351807,0.63391480079064
848,9,0.48033031821250916,0.6339136132827172
849,9,0.4823401868343353,0.6339116646693304
850,9,0.48227187991142273,0.6339100049092219
851,9,0.48161229491233826,0.6339091750291678
852,9,0.48224759101867676,0.6339072447556716
853,9,0.48160913586616516,0.6339055987504812
854,9,0.484491765499115,0.6381208392289969
855,9,0.4803699851036072,0.6339025497436523
856,9,0.48157039284706116,0.6339003168619596
857,9,0.4815874993801117,0.6338993173379165
858,9,0.48419806361198425,0.6338985241376437
859,9,0.48159125447273254,0.6338959107032189
860,9,0.48028987646102905,0.6338942830379193
861,9,0.48094242811203003,0.6338931413797232
862,9,0.48157021403312683,0.6338909176679758
863,9,0.4816332161426544,0.6338893862871023
864,9,0.4828602969646454,0.6338876577524039
865,9,0.4828958511352539,0.6338867224179782
866,9,0.47964271903038025,0.6338847783895639
867,9,0.48147764801979065,0.6372096034196707
868,9,0.48151934146881104,0.6338817706474891
869,9,0.4796268939971924,0.6338798908086923
870,9,0.4829506278038025,0.6338775799824641
871,9,0.48408716917037964,0.6338829214756305
872,9,0.4829466938972473,0.6338770206157978
873,9,0.48153263330459595,0.6338743613316462
874,9,0.48545974493026733,0.6338727199114286
875,9,0.4835648536682129,0.6338716241029593
876,9,0.4828356206417084,0.6338703632354736
877,9,0.48351532220840454,0.6338691711425781
878,9,0.4822694957256317,0.6338676993663495
879,9,0.48393502831459045,0.6338703265556922
880,9,0.48093244433403015,0.6338665898029621
881,9,0.4821893274784088,0.6338638204794663
882,9,0.48285913467407227,0.6338630181092483
883,9,0.48158037662506104,0.6338611887051508
884,9,0.482233464717865,0.633859281356518
885,9,0.48091208934783936,0.6338576445212731
886,9,0.48087531328201294,0.6338557188327496
887,9,0.48156195878982544,0.6338542378865756
888,9,0.4814966022968292,0.6338531145682702
889,9,0.4821288287639618,0.6338511338600745
890,9,0.479640930891037,0.6338496299890372
891,9,0.4835180640220642,0.633848080268273
892,9,0.4822653532028198,0.6338461775046128
893,9,0.4808594286441803,0.6338448203527011
894,9,0.4815655052661896,0.6338435044655433
895,9,0.478927344083786,0.633840771821829
896,9,0.4821949601173401,0.6338399694516108
897,9,0.4795926809310913,0.63383725973276
898,9,0.4815174639225006,0.6404926455937899
899,9,0.4808403551578522,0.6338334817152756
900,9,0.4808844029903412,0.6338315560267522
901,9,0.48151981830596924,0.6338306436171899
902,9,0.4813876450061798,0.6338348572070782
903,9,0.48152071237564087,0.633829075556535
904,9,0.4821639358997345,0.6338266730308533
905,9,0.47952476143836975,0.6338236652887784
906,9,0.48214027285575867,0.6338221018130963
907,9,0.4802435040473938,0.6511639264913706
908,9,0.48018795251846313,0.6338186080639179
909,9,0.48153313994407654,0.6338165677510775
910,9,0.48156625032424927,0.6338149125759418
911,9,0.4834649860858917,0.6338138305223905
912,9,0.48152002692222595,0.6338124642005334
913,9,0.48286372423171997,0.6338106072866
914,9,0.4794948995113373,0.6338092501346881
915,9,0.4808780252933502,0.6338079067376944
916,9,0.4843280613422394,0.6338184980245737
917,9,0.481614887714386,0.6338096490273109
918,9,0.48218899965286255,0.6338055225519034
919,9,0.4827934503555298,0.6338025423196646
920,9,0.48021742701530457,0.6337994703879724
921,9,0.48017337918281555,0.6337978152128366
922,9,0.4808570444583893,0.6337965084956243
923,9,0.4829096496105194,0.63379417015956
924,9,0.4840856194496155,0.638739274098323
925,9,0.4821702837944031,0.6337926250237685
926,9,0.48150303959846497,0.633790529691256
927,9,0.4821794629096985,0.6337891221046448
928,9,0.4809034466743469,0.6337871047166678
929,9,0.4814949333667755,0.6337861097775973
930,9,0.4822370707988739,0.6337843904128442
931,9,0.48204708099365234,0.6337825334989108
932,9,0.4801705777645111,0.6337811946868896
933,9,0.4801393449306488,0.6337794707371638
934,9,0.4809090495109558,0.6337768710576571
935,9,0.48083698749542236,0.6337758256838872
936,9,0.48090121150016785,0.6337742805480957
937,9,0.4821331799030304,0.6337724924087524
938,9,0.48085877299308777,0.6411879933797396
939,9,0.48140373826026917,0.6337688656953665
940,9,0.48150935769081116,0.633767150915586
941,9,0.4800746440887451,0.633765853368319
942,9,0.4807645082473755,0.6337638268103967
943,9,0.4807768762111664,0.6337623366942773
944,9,0.4788648784160614,0.633760773218595
945,9,0.4801007807254791,0.6337586457912738
946,9,0.48019325733184814,0.6337565642136794
947,9,0.4801349639892578,0.6337548356789809
948,9,0.4814664423465729,0.6337527220065777
949,9,0.4807502329349518,0.6337509292822617
950,9,0.4807869791984558,0.6337491732377273
951,9,0.4808211922645569,0.6337478069158701
952,9,0.4807829260826111,0.6337463580645047
953,9,0.4827880561351776,0.6337453493705163
954,9,0.4781540334224701,0.6337423416284415
955,9,0.4814394414424896,0.6337403242404644
956,9,0.4867979884147644,0.6337394439257108
957,9,0.4820244610309601,0.6337381922281705
958,9,0.4808078110218048,0.6337366012426523
959,9,0.4801314175128937,0.6337342812464788
960,9,0.4801311194896698,0.6337327406956599
961,9,0.48005905747413635,0.6337308379319998
962,9,0.4815080165863037,0.6337294899500333
963,9,0.4807256758213043,0.6333432564368615
964,9,0.48477619886398315,0.6337264271882864
965,9,0.4807674288749695,0.6337245886142437
966,9,0.48011311888694763,0.6337232956519494
967,9,0.48279672861099243,0.6337227592101464
968,9,0.48078763484954834,0.6337197193732629
969,9,0.48011457920074463,0.6337188894932086
970,9,0.48011454939842224,0.6337168858601496
971,9,0.48137402534484863,0.6337151710803692
972,9,0.4793958067893982,0.6337133095814631
973,9,0.486899197101593,0.6337190820620611
974,9,0.48074185848236084,0.6337112371738141
975,9,0.482721745967865,0.6337084082456735
976,9,0.48076266050338745,0.6337081469022311
977,9,0.48070988059043884,0.6337055609776423
978,9,0.4833558201789856,0.6337040066719055
979,9,0.48278582096099854,0.6337034794000479
980,9,0.48205262422561646,0.6337012969530545
981,9,0.48012644052505493,0.6397914886474609
982,9,0.48140382766723633,0.6336985184596136
983,9,0.48069554567337036,0.6336961801235492
984,9,0.4814532399177551,0.633694263604971
985,9,0.4808250963687897,0.6336930898519663
986,9,0.4834296405315399,0.6336922553869394
987,9,0.4806763827800751,0.6336900500150827
988,9,0.482081800699234,0.6336884177648104
989,9,0.4813482165336609,0.6336872165019696
990,9,0.48150989413261414,0.6336848231462332
991,9,0.482012540102005,0.6336836998279278
992,9,0.480046808719635,0.6336822234667264
993,9,0.48342201113700867,0.6336814073415903
994,9,0.48128896951675415,0.6336791744598975
995,9,0.47877824306488037,0.6336770699574397
996,9,0.48273104429244995,0.633677065372467
997,9,0.4814615249633789,0.6336740576303922
998,9,0.48206406831741333,0.63367281968777
999,9,0.4826951026916504,0.6336709627738366
